0,9.2639345393518884,9.0668811299997145,19.1590300303561456
1,9.4207725304176027,-35.9640241297584424,33.8080804124610026
2,9.7094641246164315,5.5807891669659133,19.4435074588317853
3,-14.2040338511588562,9.6959906196406500,25.1152068875243586
4,-48.9913448645801992,8.6532322558579029,30.4564401839960794
5,9.1548822094933620,8.8797129090480560,12.9614929764909199
6,9.2875345957336286,8.3234640010753242,13.0683926585857311
7,7.8700605655959848,9.0994198012501410,6.3960153293251807
8,4.2135139718210191,9.3109574850156083,6.1703886179469691
9,-38.6684641980739556,8.4951672888288812,23.5917661444287958
10,5.7514576709230827,9.6720505616178567,12.8665398788994523
11,8.5022348308680229,-46.2127002072079307,14.8057608584506433
12,-12.8520618998396792,-62.2487254672672776,16.6731199220708959
13,-23.9502460774138299,-51.7537276686106864,9.1741351233751409
14,-69.3983776525395797,-4.6439605301211575,4.9605269275832038
15,10.0537400619733255,-16.3675472704150664,8.1050499062756547
16,-6.6166750659743103,-70.2437791357680084,6.2766077287303830
17,10.0745546927086114,-28.8418408147909346,33.5139479278991246
18,9.3607698988369332,6.9109200602267977,13.4574096245281360
19,7.1840342782775624,-54.0984829555201756,14.9387926616403739
20,7.4195644895271924,-59.0612991492108037,1.9086942324424134
21,9.5907543967039075,-25.8731773810104180,20.9507983979559853
22,-48.5023929029603025,8.5530631467633604,23.8655498573758322
23,-70.1307126054249466,-1.8066745517059457,17.9232049746283444
24,6.4846290041130237,-63.1874843771386594,2.5777579234479959
25,9.8788305065448441,-5.8780228841583124,7.8558737508328456
26,8.3412888511349195,-53.4385506578001710,1.2718867181800553
27,5.5196982274239614,-66.3607101105774717,28.6750346306227790
28,9.7855306124240720,-4.9291829376492311,7.8382457738625693
29,9.2293927051757230,8.4623663837005765,25.6851188016223659
30,9.6041238054230771,-5.7574283908858384,20.4993273012993633
31,4.0203652774879135,9.3060474712976351,6.1600154563366836
32,5.6853966703728984,9.8807999076664785,0.4634173233852814
33,-5.6726148713565401,-69.1354415491128691,15.0333819153775767
34,-63.2448890800426540,-11.3952748030295137,29.5969063931015874
35,-10.8099501009434835,-64.5796486878136875,28.2721726958937865
36,6.8023217047737274,-60.3728500825296734,34.2055198676202181
37,-55.7639960231524796,-20.1590503386768916,16.8479257177375672
38,1.3280948832483621,-70.4383909615844175,34.3529020989686984
39,6.6747195548671634,-60.8066213994139915,9.3136220546399127
40,-68.6772594541562569,4.9485248366834425,10.6518714154591070
41,0.7949661663114655,9.7787250050782344,18.9335098508370230
42,3.2097843745418833,-68.4965237643664437,9.7378333304318634
43,7.7205462323487160,9.7327401531813500,19.0526942328369131
44,6.0625957325625386,-60.1362958746570726,15.2004521223706988
45,7.5433739377728273,10.2611737189661696,32.0233133640668512
46,-0.7267076587861159,-69.7043150674352603,9.4497414998212612
47,2.1894886042524884,9.8756479367868533,12.7084887759717713
48,6.2242304285205421,9.8756888901991964,0.3792491450166716
49,8.3226651747593383,-53.2639165949644280,27.7543825771884975
50,-71.4548951828907946,2.5833778829065035,23.6458848698965802
51,-40.9214169909030474,-34.6300767194454266,14.9925540046349415
52,-54.3300201900840776,-20.9457574943635336,4.2804204556398222
53,-66.3098984195979710,6.1322876391712606,17.0939544940433343
54,-0.7497710675919351,9.7399529287161712,18.9537187108470633
55,4.1070567513221237,9.3078609395548142,6.1641106244392780
56,9.1858723447547437,-35.8708148358599530,8.8192011052706807
57,9.2709761790516936,0.6809970616567208,1.8986434250841253
58,4.3436099989859924,-66.9730942413095960,9.6273060273223390
59,-48.0742619434373353,9.2243665936001236,11.6212470223250897
60,6.5300067840196983,-61.1039623072573690,34.3301625527862200
61,6.0737967966907451,-64.4407726483156011,2.8085916206876513
62,9.9709729616232927,-35.9558317256579159,21.1843166561704912
63,9.4083125731460004,7.0580335246448733,0.9045369108665300
64,-39.5100693923339747,-34.7338047457560464,4.1024392514498027
65,-30.3353142779059226,-43.8312974096178749,9.4758883554676068
66,4.9792733500918755,-65.1368124216105571,15.4721536423262140
67,-43.7593142395090169,-39.4615980358882155,22.4717567578741182
68,9.3755808586971234,2.5736338617155008,1.7187039484559807
69,-38.4113656067700973,8.5350143786699562,23.6113322031712123
70,-58.3603513185728460,7.0558938214622966,17.9981186903254944
71,9.5943902581374374,-13.2878576979253396,20.4100032982795092
72,8.2439183620269496,-49.1883601376288269,8.6796206257260877
73,-3.1287160876350368,9.7609890101491050,25.2185639233752603
74,7.1641673153438123,9.1961641498089293,6.3398986738279985
75,-71.5749813656376404,6.3126223094027889,17.5438698039587955
76,10.1958889627053182,-6.4765084866503937,26.8504134086333366
77,-24.0763630429451112,-51.5628861095902025,9.2149342524629585
78,9.4298366922075836,-7.7788447752381673,14.5759366736359439
79,8.4135462881584679,-22.2397570337969199,2.6043723807328316
80,-61.5674411598151963,6.7441443400247012,17.6038696415660461
81,-60.3544127876734890,-13.9951933722051294,4.6521947046531213
82,9.1065151020097517,4.5014937476499570,7.7376252181269294
83,8.7847784850813575,8.4683714806494965,6.6330901222592891
84,9.4278264922357806,8.3689340981217004,19.2118543904649002
85,-68.5175964556931518,4.4512479276806722,29.8155380876337937
86,-31.9805232248406099,-41.9882008909632773,16.5822414329940351
87,7.1745040795474919,9.8973024512588115,0.2876333633901076
88,10.1795596942670112,-3.7602317053606016,26.8014363288549404
89,-17.2868718251034466,-59.4735690269043289,3.7055245653889037
90,-18.9524639957878414,9.9848711720436274,25.2260512636913710
91,8.6976473388341251,-46.5837015293298364,20.2638453024512550
92,-62.5952282869870729,-11.1535599153550837,4.4765327030059057
93,-54.9967222191417733,7.3771559208767057,5.9271092989010201
94,-37.8711678653927706,8.8947543661639870,16.9108078278145726
95,-1.0450257270762311,9.7931109697086889,25.3733588073018304
96,4.2278055667636396,-67.2428842835639671,21.0134422800017688
97,9.6968149694131149,-6.3135111931987851,1.8660819639380661
98,-65.8751704457650646,6.2527609348201141,17.1839643505637305
99,2.3563154000818392,-71.4289112083659035,28.7036774373746333
100,8.3047906211962079,10.1970739416573881,32.0690895499641329
101,8.9684335884020605,-16.4277086325645634,2.1629985260287348
102,9.4519487378363003,4.0651667087788672,14.1960647671278632
103,-7.6312637744957907,-66.7564734046803068,27.9342748700227226
104,2.0032361175581226,-70.9465533648933331,15.8460108154438295
105,8.0699937061555751,-31.9677243986407120,2.4440164104515936
106,9.4016039794300390,7.0215166365675090,0.9109291087321697
107,-51.7796701485719879,-23.0653422963451114,22.8531553957713562
108,-70.8156185518726176,-2.8040882609418682,4.7577364389964973
109,-8.1526015536743657,9.4686997825913153,5.9538761775283175
110,-64.8612310073127105,5.9363297621282101,29.6604406335356856
111,9.9732314104660293,-13.0232097492705030,8.1724710561186757
112,9.3636017889714989,6.9164078186200495,13.4554039395708056
113,-71.2475975525095322,2.0900297594817534,4.4617193120486753
114,5.4588821035384738,9.8897189797577756,0.5007436302157613
115,-60.9758261945692794,-13.3102742578419608,4.6262281324811934
116,-0.0683432615964658,8.8011341192181405,6.2741088505557849
117,9.4554285774262929,0.5232696087632174,8.2442452456102728
118,-25.1030089138281518,-48.8510720019572560,22.8373118796249948
119,9.2994000527816727,0.9684577576111345,1.8845331982729367
120,-54.3022181971899727,7.9693044450540027,24.1806361534904504
121,8.6906495415093090,-41.9033421655036378,15.3727509926384229
122,-7.3865000986655174,9.6955307539234443,18.6033903569609649
123,-66.7005803179159358,6.3214827839437735,24.2983917491767301
124,2.3495816422717972,-70.5542249206393848,15.8729300502103676
125,5.9441697551058299,-65.4206709142421943,28.5904695706494714
126,-9.8078080454373548,9.6054904772637411,18.6297670622096305
127,9.0499530690834877,3.0668345235145162,8.0834739786056780
128,7.1687102771574507,-60.4071020717068095,2.1100083111383841
129,9.4250332805983597,3.3068100952545767,1.6314892838216106
130,9.3479782456027980,-15.3361245553096701,20.4968210319372197
131,-68.1350993224948098,-5.0823538316570787,16.4228319143424848
132,8.5942608334335606,9.6783877538614203,19.0802648747944019
133,3.0380850571867537,9.4369277543514034,31.8317501649244363
134,-26.3084245188603383,-48.4796162032899431,9.2534325131996198
135,8.8871069900369317,10.0013373947181332,32.1429440687216825
136,-46.6596275519356993,8.4533951243228103,23.7938611570011211
137,-69.2589142587473390,-4.8063782423321042,4.9550165566895972
138,-57.1853481419590537,7.4222344896706964,5.7696354927747757
139,-8.3158483735595716,-66.4494603125591823,34.9836685335900484
140,-48.5687998993080754,6.9607760862456827,5.2573107723531853
141,7.8964049077873391,9.4666564245002132,12.7114181313604142
142,10.0848489508553296,-8.8824646991599483,8.1306097921683005
143,-69.9035288835955981,-3.8297396860087312,23.2735524417818311
144,8.5067572865850352,-52.2835422878301372,1.2033359056407027
145,-61.0023433967173077,-13.3124747977955789,4.6279094677746464
146,8.7318873941006085,8.5806840020094768,6.6068841430511140
147,-29.6611690721165715,9.7762415996217928,31.2749106504669285
148,-58.8120398576917154,11.1821784931926302,8.0114705762426315
149,-69.6536642566442765,-3.5729347851802671,11.0979670966347630
150,-66.7557047431732542,-8.3884552945732889,23.5626312338912598
151,9.4204084220517981,6.9999240540714318,25.7917139675502121
152,7.6364279339690597,10.2561930248586712,32.0274340325781068
153,5.3776471403599677,9.3422560143010749,6.2533105667866238
154,7.2297730378656038,-59.1341886224646913,34.0375124541024476
155,9.4788245400004616,-15.8071508018309537,34.1313827568501793
156,5.6063240752934638,9.6854547304210836,12.8800438416016387
157,8.1614758860541130,9.7378240706439900,19.0616519162128455
158,4.0759604776335445,9.3103204023245620,6.1617626408911832
159,-61.3094316358044509,-12.3756109457860006,11.1885666073344314
160,-6.7241779484623168,-67.2023228736782983,27.9085716083022817
161,-13.5663356370945447,-61.2602545517747501,16.7383883680267189
162,9.1033700940013365,6.3650817266296507,7.0407269544298003
163,-18.8849771598438494,9.9895823115379656,31.4638637840063282
164,-23.5232909442337288,-50.9643826591780282,28.2540655595148102
165,8.1055157496468322,-56.4390602788107927,33.6869178306761157
166,-66.3991094984586994,6.7836140887880836,10.8017083202819517
167,-61.2891228724632739,7.3658169733344723,5.1390053448557333
168,-67.6318582740021839,5.5091837893841671,4.5252879754398698
169,-42.0788799788060146,-31.8053219680350807,29.4376500606866287
170,-39.2342378832599366,8.8055498610247849,30.7115917316042335
171,-66.5665436752476580,-6.8673952235154276,11.1612721322117974
172,-30.1057416254426116,9.0648786443294647,11.7449628482958985
173,-42.0865669888353366,-33.3779375126122204,14.8573819779415093
174,-17.3210635276463414,-58.5211900537623890,9.4974145654335658
175,2.7042575730673080,9.8700556062558693,12.7541454607759128
176,-57.0885097786502627,-19.1211160929127004,16.9536724275010720
177,10.0515591231665784,-4.2312489008061025,33.6117751157018958
178,9.0577675494721888,3.3967972723357431,8.0299128807534803
179,-35.5120824316185093,-39.1620222282430817,9.8302891742515772
180,7.2621967184606611,-55.6238159437727404,20.8657206506257751
181,10.7039326771810401,-25.6371426213512414,8.6855636219758843
182,-63.3010109911956249,-11.2993352992871170,29.5960134107606727
183,-4.3608417828495902,8.9096487457162272,11.3256025085532812
184,-21.5033694876795209,-52.6594414984299917,23.2602653572875901
185,6.3442366681521696,-63.6188928524293900,2.6564391627076751
186,-46.5840377209556564,-28.3394363675108387,3.7202520060027617
187,-10.1528069783158870,-68.1433377982368427,21.1962511273914309
188,-14.1408641339847101,-61.9662113890189730,22.3458693552402003
189,-61.1306155745892141,-14.3151439011220774,29.1485219235164799
190,8.7650549879477975,-40.7634248524459863,15.4777714899327972
191,9.2424625551258810,-37.4498829395439756,15.5296563131984779
192,-27.5086414664501575,-46.6036707391079190,22.6341220809143024
193,-70.9691053275005288,-0.1990514523199401,29.9649874670391050
194,7.6469503017803317,-54.0680085978368723,20.6959963599515540
195,9.3167711532762567,1.6500206797925341,1.8242471872323107
196,9.1010621217728254,4.6461733234001930,7.6835235034405258
197,-67.7237901418616559,-5.9184064764783040,15.9375258345430613
198,8.8251673835422526,9.2661048059814437,12.8560892132397804
199,-1.0948802126011203,9.7972596451363518,25.3738741914801480
200,8.5589399811796643,-47.1460710240033052,8.2695892611483455
201,7.9725659529796031,10.2431584316429181,32.0449370772801672
202,-70.7332561171043324,-2.9586443822537127,4.7852361114245596
203,-9.2680680767349326,9.4792292175966217,6.0016738613276059
204,7.5541330660801398,-54.4153784927907083,20.7319606482248204
205,3.6677580720958463,9.5411542648438825,31.8901834247972680
206,-54.9501461804280353,-18.7104156559349093,10.9317214980252793
207,-35.5109610660213022,9.0604399019079214,11.8609293882081435
208,-13.5439920414251347,9.4578407765039785,5.9621084079895912
209,-67.4389589419057955,-6.1547513085345811,10.9699064946598703
210,10.4857976568055786,-28.4396144546706573,8.9362612175731009
211,1.0263026487546039,-69.7969303765758298,9.4382614372878049
212,9.4019728109811798,7.1790858911771593,0.8854355392264229
213,-8.6477725606862403,-66.2052865800306307,8.3208245990884855
214,8.8970378422856058,9.2025409174399666,12.8750095022069075
215,4.2861437883094267,-67.0414135064653323,9.6401160160375454
216,-30.9018924619224080,-44.3187415383958623,3.4747312928223995
217,-36.9087890597601316,8.9010410635664190,16.8655307252778321
218,9.3709936193109549,7.4828579558005757,25.7742918559188396
219,10.0823552182997744,-9.1451749850973822,8.1450826612566765
220,9.3506100551287172,8.7833824085457231,19.1820604534401902
221,5.1358844600608471,9.7410487509149473,12.9040961826321716
222,-70.8734500840259614,-1.0817690859068672,29.8796023651389966
223,-31.2939290291694263,-42.4876124332240082,16.6961942641756735
224,-70.9499999395872720,-0.4843101680068654,29.9314669495160146
225,-70.6567410077399813,3.7907893468368195,18.7001258271187254
226,-29.9630248393635235,9.0872362418631774,11.7379970606140240
227,10.0451333752902645,1.7852228350359742,33.1024163606063198
228,9.1042514872363896,9.0174431213685136,0.5843745404109252
229,-51.7544843511868180,8.3322312655454631,23.9924809093538904
230,1.2246287990279674,9.7967399985797243,18.9531936019626244
231,-23.0639131819051819,9.2402423408373870,11.9362638202699376
232,7.3997871619688453,9.1552575976217998,6.3542064356177859
233,-13.6845398241190370,-61.9851066806329811,28.3885871241346948
234,-59.4016385094245223,-16.2713564003939020,29.2278414950244958
235,-69.8099564265023247,-4.1643404298372158,4.9499017153368712
236,-21.8588613203181659,-52.3828908263742932,23.1971282420805309
237,-3.1453090506953671,9.7495747843439133,25.2140814131061148
238,7.7700142116204569,9.1116379993971464,6.3864811218332154
239,9.7410030008264634,-0.9871958706354752,14.3077628582405492
240,-70.3870308057416878,-2.0718277034220054,11.1978468582945752
241,1.3666452941866076,9.8321264731981319,12.6137850474491895
242,-41.3874502360304248,-32.7302665425155155,9.6249461231394164
243,9.0346383739880949,7.3606225089751991,6.8212835729056716
244,-66.2151609563874928,6.3297478542510275,4.6449043453827450
245,-26.4891912647287064,-48.2522222935113803,9.2398523017015783
246,10.0016774260794978,-35.8119789557511297,21.1850475616482328
247,-71.7984971561180316,0.6070622186741370,23.2196902683653725
248,-55.2530679765473636,7.8589891318328000,24.2308331103430739
249,9.2906773265905152,-21.6267105055995081,26.7744677653866816
250,-4.9612533322126930,9.6682763554066984,18.6758307719373491
251,-16.0976151544473787,9.5269711680560647,6.0682359618065158
252,9.5392241624587548,-11.8332598444392598,14.5843346025366003
253,10.0195384445429703,-35.7143801049206289,21.1843904437535393
254,6.9912554958411830,-54.9966631142399862,14.9949692959103924
255,3.3868983194719662,-68.8671106564538036,15.8228416840282424
256,-25.9558701085532313,-49.0270260957829933,17.0433130404658151
257,0.3205237090717705,9.6633403604483252,25.3432367858153853
258,9.7309631659225193,-12.0953750620643135,27.1765525480616610
259,9.3138110291035279,-39.2200697872935962,21.0461433297404525
260,-9.7356194990763658,9.4881819593783234,30.8262628171498143
261,2.5888145517376517,-69.1372762384048514,9.6550308971785377
262,10.2080613549505497,-1.6291153925124744,26.5707847040299221
263,5.5398254743214963,9.7106116371206799,12.8858776223933287
264,9.2706206369234874,8.2936470564376688,25.7070518884900281
265,9.7419043704669406,-9.6600059581933078,27.1533196154922578
266,-38.9706150921609407,-35.3638086818066739,4.1338406740525446
267,-12.2180712152785738,9.4694184735413387,6.0021272486266692
268,-45.7435399617062686,-29.6577347706879877,23.3636333248778065
269,7.1300413326155363,9.7110889224667023,19.0484362189133059
270,7.1902654865181015,-57.7688235792726417,9.4070901053876579
271,9.8365426427004721,-12.9343566677362531,27.2000330088928273
272,-50.6619192338847313,-24.0369206543060017,22.8546893104594275
273,-64.0512132405667813,-10.2680549826164054,29.6069109422015266
274,2.5182761461471705,9.7667141404858366,19.0407095610631281
275,-34.1881788776206363,8.9252808872097074,16.9365132000021177
276,10.5025732017585316,-22.2199950571967619,8.5090093467661134
277,0.9391096880967869,-72.2496237327219148,28.5548535904198104
278,6.1452263127546241,-62.1452166400109647,34.4995448525130115
279,7.8685677310773574,-52.0746449270146314,9.1548641189166222
280,9.9867581368744354,-13.3748728039835889,8.1937750718412552
281,-21.5434829379699018,9.3289981807219782,12.0132649584054345
282,-37.3094027868005469,-36.7470695498821840,29.5797550487716094
283,-70.4665843603546165,-2.2772687083038101,29.9222753784957618
284,6.1603901740285414,9.8746662792572995,0.3886642033055744
285,-71.7805892642514038,1.3193571106287683,23.3795149345685118
286,-37.4719422432387290,-36.5048206181564154,29.6650923836023601
287,-51.7455708494402344,8.3267332682814281,23.9928239562633578
288,10.1688799680976842,0.4948390382587241,33.1395961160424761
289,9.4691358048852905,-12.7213272363495378,2.0929063532924426
290,-11.7112208407418965,-73.3943223254917427,17.3592893587164845
291,9.3467908991443807,8.8239302288764048,19.1781970092081018
292,-70.8105038832698739,-1.3502693197957587,29.8699300431126247
293,8.0825400944916233,-49.6698715992482320,14.6260732985417405
294,9.1034325425154137,8.9820776371753652,12.9394048982882541
295,5.3245655995537877,9.6724771584294338,19.0742739515549715
296,9.0285589437975595,-21.9227303408466518,20.9707367457903615
297,-63.8269755995256105,-10.5529932794790611,29.5983003292686924
298,9.9338600641912898,-25.4056493007798707,33.5101618462705773
299,7.6868528749131899,10.2544428942922234,32.0296174935104716
300,6.4950254003767576,9.4387823282382364,25.1690274721868370
301,7.5875526677386134,-58.0988288940736624,1.7745882350284836
302,9.7329007733976045,8.4090875457955327,32.5066202217432547
303,-1.9263228535833408,8.8744780911575649,6.2261279794135689
304,-21.3549068764993741,-55.3394071202565954,8.5476989511577184
305,-11.7776473973430207,9.2859931053265417,11.8550875262144171
306,10.4240473195337575,-29.8380716961235137,15.3003696647494856
307,10.2363786106582246,-5.7850913789696747,26.8959288547940538
308,-69.9523360149539997,-3.1182770855971160,11.1582368577749200
309,-25.6105242437503833,-48.2938795058371468,22.8092444995560477
310,-25.6019228390714311,-49.6813606296173660,16.7916190002223651
311,4.5220757094357786,9.2526175610628769,25.1540000621489952
312,9.1519101746140787,8.7316238707854623,25.6456173467504165
313,10.2866706762971596,-33.1685003505677187,21.0920170565082543
314,3.2504019086034659,-69.1288256874721014,15.8456548327393190
315,8.3979735552735200,9.6918468566333829,0.3634412975139346
316,5.5782387844773309,-62.7639780415495778,15.3220224712290349
317,-16.6281665556617462,-58.8515847468207198,16.2865174067345500
318,9.9285631515024395,-0.7904151201281970,19.7348317508058351
319,-62.0513011841665261,-11.3394395304838138,11.4143030841604514
320,8.7669322135510974,9.2968544209324619,25.5281640176872457
321,10.1716716104862854,4.4876475806212879,33.1517377584090340
322,0.5867648374912592,-72.2664595037187496,28.5356331752660282
323,-70.9492503219958337,0.2907651025419456,30.0271274147851166
324,-10.8800383990612737,9.8139901607076734,25.1190328939861942
325,9.0298648993648936,9.1563022581569768,0.5470856119201241
326,9.4188391584088897,5.5753262793750222,1.1949892652443410
327,-13.1167815224958222,-61.8730618123940772,16.7032974469164870
328,-44.8120008983220188,-30.3707222312484681,14.9004828523413941
329,-8.9476973801531106,-74.3912601712573149,6.8869899482184795
330,-55.4533455817171514,7.4037106157806454,18.1126738156415890
331,9.5024278887432398,-12.1959530871612696,2.0862049482271701
332,-28.0196550825444071,9.9451927737235160,31.3558823287263984
333,8.2031165017963765,-54.3901233873274350,1.3491816945740029
334,9.4424435292153355,-25.1784585575166240,20.9310417935611106
335,9.6825867906065515,-21.3137858113391658,34.1363960631817633
336,0.2277682464127394,-70.7506394850141476,34.5151806657766471
337,8.4529837907671830,8.8923242893904249,6.5107496759603212
338,-3.7061375061057689,9.7212912821675541,25.1411054750800176
339,-15.0833677711552525,9.6791401441622149,25.1185008347448360
340,9.4401659011327421,6.6022411158657173,25.8034511522115011
341,-37.8205652210707584,-36.0042539378598079,29.7688489033918522
342,-49.7115778249183435,7.0230683002346845,5.4690263062846043
343,-55.5263448623999665,-19.5766316522739778,4.2667898732707457
344,9.5701352710690806,7.0813303290398970,19.3419701874836818
345,9.6808745348547856,-10.8236537340043242,27.1585078139666827
346,2.2373861037768279,9.1543694008438532,6.2253586399893885
347,1.6066404803313881,9.5470310476326752,25.3221076004537302
348,10.0143134461873711,-14.9579645311686207,8.1513409508366799
349,9.0634720591010751,-50.3951028460717367,33.8997389181129378
350,-69.5389934013511350,3.3720888028933169,10.5991111542699752
351,8.4486981433578112,-34.7961173560119548,2.3125016775587297
352,-65.8647084965112413,-8.2462755984002190,29.8615542459050474
353,-59.3521459527142810,13.8663777534106867,7.5793455311734075
354,-70.4025713165327858,1.6822423233968384,10.7378768613829667
355,-42.8416552752502255,-30.7853041063540651,29.3256375786804000
356,-20.9693158233212031,9.3854463834064479,12.0672872520802112
357,9.2121628420805877,0.3034179357190793,1.9024828006762609
358,-28.3996300558293662,9.5931428966267251,5.9589129452502405
359,9.3373126468736416,7.8330505718253391,25.7530948862139510
360,-33.4496463895670431,-40.7035599138948996,10.0778799108162378
361,-15.0755298365646357,9.3668176447739846,11.9881047136371013
362,-30.8171481098141093,-43.9433570081063536,28.5071493824786977
363,-38.7405348382712589,8.8573555148714807,30.6824051132937541
364,-53.2267821478607814,-21.3135171673374231,28.8996013166576233
365,-44.8228757358744332,-28.6393544711608357,9.7261354946470640
366,10.0362535632179100,-30.0070646660517184,33.7420055383016830
367,7.0528060304296449,-56.4795968997239726,20.9625479370658283
368,9.0169140687488021,7.5073439181871384,6.7979949244787541
369,8.8039605244703196,10.0383598948553470,32.1264321715080285
370,-58.7680724015567932,6.7219405279975240,29.1825958660277145
371,-7.1901008810305251,-69.4543119021237914,13.8727959480861891
372,7.4223452625189763,9.7261142331421286,19.0495182689027089
373,5.3670513795213068,9.3462145938310695,6.2529525305751852
374,9.9403197309030507,-0.1189127356575596,19.6648217941791650
375,-37.6972268812416544,-36.1662671462692984,29.7465270549142069
376,-29.9957102017414812,-44.8715416544806658,28.5592755484681966
377,9.8519947780368291,-3.9062904821044313,20.2790755268189145
378,-57.1608624779318006,-19.0521463351216092,16.9613956990867472
379,-11.1276765026324824,9.2865135164545354,11.8054723982284973
380,-6.2331215219522811,-71.9764450729262961,5.4468419922069788
381,-15.0778719775791004,9.6337182342857126,31.1578414459686002
382,9.0669645096944826,9.0935784178178398,0.5634884059355255
383,9.3568621554850981,8.7736141743146465,19.1807233585440891
384,9.0445241250465749,-16.0528817002979700,2.1467230361700405
385,-53.8982264177533139,-21.3374270897874361,4.2816398284625867
386,9.6827708193776481,-12.4812100037238167,20.4296386152816929
387,9.8741158228642565,-31.4872705220786990,33.8921599886299845
388,7.3114901589426760,9.7158059190434596,19.0496351283258569
389,9.3145980000776589,-36.5800017133984383,27.7923651238637461
390,7.7232099144141149,9.1286034407289094,6.3782780327620561
391,9.2579320642347955,9.7569561112016512,32.2190199578090315
392,-12.2731993012599911,-63.3235154751833917,28.3221259780212939
393,7.9063399319023455,-51.6761115818262908,9.1085827315281485
394,8.7374948565540258,9.3124573068087244,25.5162527147258444
395,7.7730483560759920,9.5441839698939148,25.3408315628117329
396,-7.1615890933099466,9.6826416176984296,18.6045095445794999
397,-50.4529134385428861,8.4684694503957942,17.6447799553314937
398,8.6035649719467511,-51.7121045528801559,1.1829994053253814
399,-30.0363463938446280,9.4463837793599321,23.6819799968887530
400,4.2095999622212616,9.6557806509341972,31.9302822025307051
401,4.5102642376344511,-66.4709873517670502,21.0126961027476149
402,9.5802401025851971,-6.2857305393497214,20.5262758525353171
403,9.0598459071396480,-41.6028447648264290,8.2352975509945665
404,9.3173058502625814,8.2798300236069053,0.7288055167899643
405,-48.1862743562464075,8.5477025017971826,23.8600566060825443
406,-7.2351634952592212,-67.5465497705122999,34.9024887400563841
407,10.1696043023343901,4.4190331616520080,33.1558904684705951
408,9.8434087767458944,-10.9975795588279617,34.0579248429671466
409,9.6691221587541047,4.2119754600955011,26.0559115994366408
410,6.3953236884800706,9.2614589101186464,6.3141512326092002
411,-43.5039803920380095,-34.1417670328278717,23.8416579731818032
412,7.6934227061742906,9.5498920362256285,25.3288357342522517
413,8.4622014291241303,-57.0672182210181802,28.0265301239586897
414,9.1079508757847698,5.2937509877512339,7.4175543980998642
415,1.4798966130773932,-69.7341525596508234,9.4713985168625214
416,-10.2773862797535713,-72.8041923263744621,11.6931739925520777
417,9.2685051285839073,-14.5813516870072135,2.1083153547413191
418,9.1805969093208173,0.1731239868394717,1.9003376328185262
419,-68.9322450137540841,4.5032895144979763,10.6232942167789055
420,-69.9100345400595700,-3.2670403167229547,30.0586815667639868
421,-28.2793516996348160,-46.0227386721129150,9.1613194192684446
422,-5.6370302640995105,9.4944380861466193,30.7591406996467072
423,9.1058862796789910,6.2103024819644057,7.0879794034214827
424,9.0353838566003688,-16.0867512282735952,2.1482583192459859
425,-71.1650231656185639,-1.7870916051665202,22.9884390573632977
426,7.0386654210970887,9.7114851197718828,19.0487115079250344
427,8.1416347135038247,-49.8847710366140262,8.8194227317584915
428,5.2725302019446607,-66.2830815017217390,3.1634895296997172
429,8.7129617028917785,9.3352660610778813,12.8291476005923375
430,-62.9714326536349418,-11.7900970131944636,29.5947414780623035
431,-69.0923550646182463,-4.2819574596781722,10.9644324688845547
432,-59.4214105369172287,-14.3411795206593045,11.1403056645912262
433,-25.8458468075511441,-48.7986422730035017,3.0977829737755522
434,-12.4792191417459364,-62.8124281862682707,16.6241266950742101
435,-4.7389142831914732,8.8948294368900260,11.2779679623402735
436,4.7822348345427415,9.3373089880957991,6.2061700992849618
437,5.6021564101854127,9.8763020377586876,0.4777983108452231
438,9.4108115737417979,7.2231483061840933,0.8785871664469748
439,-29.7760492538175434,9.3109274924967220,17.1050647167986085
440,9.7235581903488697,-23.7059110245031270,15.3226812048434589
441,-55.8796265571170991,7.2725077885856280,29.2392518771902559
442,8.7705408320246150,-43.6139357322127523,20.7732579399475412
443,10.1659673532147092,-33.1816360475621224,15.5013548373929932
444,4.2433806959867075,9.6643851859951688,31.9322527817939239
445,8.5367354346174427,-52.1376255552925016,1.1973710387923646
446,1.4407726587555452,-72.0872411110162687,28.5955310410975194
447,-52.0249266875498719,-22.8617383178993201,22.8492636907073496
448,9.8103475061179051,2.5725428032668058,26.3273494669708512
449,9.6378775314880070,-13.5115479783648080,33.9918970792428539
450,9.9476320072919417,-6.4589027275995408,7.8897255886331434
451,-10.7363537299709009,-64.6504848083359178,28.2701441568721386
452,-56.8551851734698559,-19.3568355631597555,22.4840519530668317
453,-59.0911373223985947,-15.0738458237976154,4.6108169788846736
454,-44.3204309016706191,9.4664195624098202,11.5632180310303987
455,9.2572941237631827,9.0919086721153572,19.1568691430787403
456,-51.2259454338183744,8.5625725821540826,11.4414260337365583
457,0.4811140091431173,9.6606244029704076,25.3401299683393084
458,-18.0985437390312640,-56.4508652791090029,22.5679338882336680
459,-23.8543241355826368,9.5228237493837415,17.8926078286429018
460,-37.0656714684223516,8.7996988465876846,23.7361703436446412
461,-52.2370142460443532,-20.9173927683873551,10.9410565151668031
462,-44.9877935900769330,-39.5823551483194080,22.8048479461895823
463,-6.0927705544021000,8.9664759049663800,11.2546274703999369
464,9.8030892565779055,-12.6749657072122481,27.1924194560946688
465,-69.3694328668022848,-4.5635364522072992,23.3507185775768988
466,1.7938189918157879,-69.6479223920261319,9.5083286415477097
467,-37.1453891106965273,9.5554672789452901,3.6088775413907368
468,9.7753110278979918,2.8837280534624128,26.2934710952960771
469,9.3517781971135463,8.7815820572622911,19.1800213045035335
470,-42.3962927758250956,-31.4658471918073701,29.3882636389478726
471,-14.4477457512928940,-60.3833178850970569,35.1556266318549930
472,8.1402683956542070,9.0233042283495113,6.4399876848648034
473,-61.4242007307715312,9.8536101444335529,10.1037123522969328
474,-12.4824366717240611,-63.1328841783521355,28.3316723566899107
475,9.0786429701298239,6.8264637355114850,6.9275202546250032
476,9.1871342969322356,-17.7110917531837693,14.7561338577960424
477,9.0870693419085189,-2.5997321340458925,1.8832064617489155
478,2.4903208779895962,-70.3550146832985774,15.8819988536085592
479,-66.0829392975540060,6.5652352442440796,24.3301833346497354
480,-69.9410535414242389,-3.1056648888338358,11.1602827868449612
481,9.3596065524879499,6.9963868574605161,13.4307387850239444
482,2.7606448124619969,9.9877895729893673,0.8135656455679450
483,-69.9550593482842373,-3.1825066734048777,30.0457204534643729
484,9.5473489958067059,-30.4866199979819079,27.3081639534026266
485,-15.3634771839121935,9.3719714269477379,12.0222640750123428
486,-9.4468774553474493,9.5038120437485532,30.8088720835308187
487,9.9319412641850615,-1.9530384910285143,19.9314977740002277
488,-65.3259223064957979,-7.7090536685556135,11.3941577188720764
489,-69.7411874791107493,3.0032303261297169,10.6116333429189815
490,7.9859107930730264,-55.7209044470063688,1.4823835755550556
491,-68.8585743163497597,-3.5335277475365108,17.3760903517238354
492,-24.9218048836896884,-49.4184727052868666,28.2768821591210333
493,0.4243714889913078,8.8968756366081561,6.2684952678027832
494,7.3358463383829271,9.4765776355369731,12.6973534300845206
495,4.1293209461193516,9.6454943967237554,31.9252874093005516
496,6.9622170717939884,9.8904485244675797,0.2985496213529979
497,5.9935540106154575,-64.6533348932825618,2.8488116573997195
498,9.0912104981301773,-39.7538006603226393,8.4058654824790704
499,1.2484467394179148,9.5885566056994946,25.3271767268652219
500,8.8874441632366015,8.1723730842480080,6.6899990261560234
501,7.7547397797674211,10.2622850708282627,32.0324617231874456
502,-57.6475273782185198,7.6304937101010628,24.2942668481600492
503,5.8090793810967405,9.8776709256391655,0.4436826606109195
504,8.5915483146608587,-19.1608660950661047,2.3566584109274675
505,9.6829032439894007,-1.2017782042448197,8.1312353941575211
506,9.9091181006643829,1.8126438331351724,19.6244578329868524
507,1.1610174986860136,-70.4994095825230858,34.3763578732894857
508,0.4589314446299250,10.4169818618022738,0.9175448594230851
509,-65.6818397858206993,-7.4651721272061753,11.3313384891939446
510,1.0588283488273307,-71.5542984458638074,15.8042914025983414
511,9.7237248790131314,8.5767395714316947,32.4774720395222332
512,9.4044182199600570,8.4733273742941471,19.2043080147854397
513,9.6832683488700333,-10.5629488897205999,27.1583731515065239
514,-1.9673559206124736,-71.1433249614234740,28.4901847351926705
515,-41.0394122394943892,-34.4906504744688220,14.9660724909499052
516,9.3787240716433580,6.3535157091353778,13.6391774612186936
517,3.5745870337614103,9.5242975140440755,31.8822012304913684
518,7.4459333592425541,9.8933422236997490,0.2821707460627038
519,-64.5652451726351444,-9.6531095544236720,29.6473593607209089
520,8.9511325950663547,-43.3501000712970281,3.1559337640719658
521,8.9839492286929836,-49.1344351625681171,34.0714336620854041
522,9.6452638817656684,0.9899827165001228,14.2678864418250644
523,-0.2221967907407171,-71.0933974478104744,3.8254437408769286
524,-12.1959584890103425,-65.4980872046651967,22.4093110537583620
525,8.9866966265595885,-44.7658537985154794,2.3823581231484638
526,6.0996777342562849,-62.2609060772359371,34.5154384397526641
527,-28.4082954582165677,-46.3836534890888004,28.5250112751826421
528,-2.8869647563609941,-70.3720241114423573,15.8782650953397138
529,-68.6642779234727101,-5.5226213006124256,23.4049121441248111
530,9.3442865085330240,7.5132592901597608,13.2689163773891909
531,-9.1831240373730552,-65.2546875796783894,3.1070230654466129
532,-8.9607116508249174,9.4831721441018324,5.9890337956412418
533,5.6080845088004843,-62.6633335949146684,15.3156738479790349
534,8.9913932569340123,9.1405610340494086,12.9019190634452450
535,-32.0665675651487092,-41.9995415728803749,9.9912355641781367
536,9.4340078038405117,5.2641643979534942,1.2646628851166388
537,-0.1001758878840818,8.8011269129142704,6.2733569724667486
538,9.9743817060100710,-14.2299029127702372,27.2270235707492674
539,-21.3037113286155666,9.3566896259395929,12.0350603506208653
540,7.2779557761544931,-59.8103993486039585,2.0190694027672826
541,9.7029232698888759,5.6684071430092970,19.4395566992903461
542,10.1703834388968701,-26.6313621622814622,15.2942897495727230
543,-10.8342057052855107,-63.8532918943599626,35.1309849162063443
544,9.5419997126725349,7.3017599948540326,19.3186373711397117
545,-9.0926622155950714,9.2531766313153394,11.5895592179232878
546,4.8929755146319041,-65.4026366151920655,15.4920046323741740
547,8.5511020926668468,9.6237468498218348,0.3925013071007900
548,-69.7893750998294280,-3.3694806068390020,11.1284906797498575
549,-33.3548361752532045,9.2012965663171897,23.6273463496417229
550,8.8997564122508432,-43.7532760187693768,2.9227977359970709
551,-2.4029532895873991,9.8068130759063656,25.3081034013504045
552,6.4381597459574484,-63.3216268872060226,2.6022840266769669
553,-19.5380892452589414,9.6649982905422167,18.2905375441864884
554,-69.3280446452772026,-4.0003957216503077,11.0203175932673272
555,-70.7025463555526414,-1.7181306730646064,29.8752613606778716
556,-70.4728700321628310,2.1745657006920331,30.1804752545752670
557,9.7033967907100198,-23.5715420656009584,15.3141108106468202
558,-53.7326300009199684,7.3033653386451984,5.9221320782556326
559,8.0173876286195114,10.2435692516343799,32.0468696819962418
560,-10.9911278998420840,-64.0572049134267161,9.3494153286533610
561,6.7919852873820767,9.5307259087803651,12.7340055691439744
562,9.0603943323151039,-18.2179391517526987,20.7968947297893862
563,10.2168708642630062,-2.2920334668669287,26.6634452355308262
564,-12.1967555668292125,-66.8175422103217755,22.1557232000696693
565,0.2840906172373383,-71.0459442610837613,3.8644180758291231
566,-52.2615009251989164,8.1414628149358190,29.7801545739971090
567,-60.1515512666651730,7.4148094291680087,5.3241310777438402
568,8.7761711903872115,-43.7017395599082548,20.7618015741763173
569,-24.5063493055493673,9.5426149998904641,17.8155613390384104
570,3.7166972695667648,9.2882111032909798,25.2212392471911997
571,-34.8019677760129227,9.7570947661948182,4.4038868827522970
572,-34.1638039492188597,-40.3347194877571837,3.7260180350366090
573,9.5875461156819988,-33.4872213858702281,33.7817315564281841
574,8.2656641545394844,8.9919040269417234,6.4651999896587782
575,9.9883408286961348,-5.2841171112090244,33.8084329392815661
576,9.7128012621654687,-6.9095489459569093,1.8557647367340429
577,-4.9287155002931495,-70.0512175254535663,3.3105402868662250
578,-25.3764681239828249,10.4161988033668429,31.6750804451449390
579,10.1482213348012120,5.1972693888990156,33.0753844297920523
580,2.4958385411072914,-70.3452987880658327,15.8819626424250941
581,-36.8103580602082587,9.6008497182054651,3.7218982193020675
582,-62.6679840073548888,-13.8548750966237506,17.2547646750459904
583,-66.2365208675281423,6.5100122168397299,24.3268346826040336
584,-58.8442245731204707,-16.8343864350314760,29.2399842570555073
585,9.8031575646110376,-4.3073702251738695,20.3494466317275879
586,-15.8203759339687693,-60.2260719546435084,22.1368824821637027
587,9.2384463011413462,8.5861036871155285,13.0157231559943067
588,3.1634366740547173,9.9668613393713148,0.7877438926211237
589,8.2175722921083523,-54.2652999525107660,1.3381679729591012
590,7.5212643818532854,9.5409960278493067,25.3027365489878093
591,1.4640635994047615,10.1481979572527923,0.8804799765238998
592,-66.3633690400820484,-7.4282966947974591,4.5525078711105884
593,-42.6356593747381751,-31.1374536787289458,29.3565205391890132
594,-31.6371217640073077,9.6120339075077172,5.3587741648209422
595,-41.6777154197853932,8.2185396091939200,23.6048204830164963
596,-37.1268867264598157,8.8992884822234188,16.8726927957329451
597,9.0563376513465581,-2.3538430082038402,1.8727384119855182
598,-4.5067707032816378,9.4623422440297009,30.7879796642627390
599,9.9693297750950371,-12.7136332234658926,8.1537990223618486
600,9.9701883121549155,-5.6599798558624261,33.8719784422178591
601,8.8525537511659902,9.2252045020059583,25.5499631100543390
602,-0.6000149836663545,9.5502394504577346,12.1940109774021526
603,-67.5269675464188879,5.0239304463209296,29.7105310664645259
604,7.0522465730846173,9.5065471843243685,25.2369454242249915
605,-18.2020623536144868,-56.2851606781874239,22.6092374359628359
606,9.3254091724033881,-35.9563271703444940,27.7802401241189969
607,-60.7285270338667900,-14.8133804829452540,29.1090814502462791
608,-4.6857692598962357,9.0949308072527142,5.9084204043135262
609,-57.1628509426236207,-17.4177880316087013,4.3305242389974135
610,2.0163394475744774,9.1311885335123524,6.2390661996200443
611,6.1264177855999531,-63.0059289848487794,9.2303346512461246
612,5.2730515359790040,-64.0800643697519945,15.4005279936536716
613,-28.9415588714719796,-45.6093833521410730,22.5265099562522657
614,-0.4326244517258473,-71.0747178382340934,21.4042144602109516
615,-59.3023174516752363,-14.8708837958409230,4.6260884989786168
616,-71.1994650800241260,-1.6930806904942399,22.9839283616326711
617,9.5407223664258058,-14.5899128134840748,34.0107039004289575
618,-10.5078163418629913,-63.5872884723022267,3.2597024052751817
619,-42.9335308120204147,-30.6147432278828759,29.3078841183254433
620,-51.8844362557208925,-22.6174238503934006,28.7883151095316379
621,-23.2633414634656788,-51.9511353330808134,3.0179766054750385
622,-26.6729450370469650,9.2538403892516463,11.8078844118997903
623,-30.1090217897275387,-43.3575295145609871,16.9282833147049132
624,9.4560049827812893,-7.1616887760564687,14.6310600266802773
625,8.4371279239913530,8.9098523755757526,6.5064021925007411
626,9.5573484469260066,-13.5967302714954172,20.4076598190733485
627,-42.0446676487914033,7.3629454494723241,4.1498318732265274
628,8.6408119294510595,9.5612607496814856,0.4155452902842753
629,6.3342970511971579,-61.6605949435536971,34.4248194306816515
630,-58.9509840914141492,-16.0575526537110065,22.9444844067189067
631,1.8411326940101225,10.0758114573555080,0.8633349950526422
632,-34.4202901676211610,9.1475243460040261,23.7125006938013669
633,-5.6884411359621101,9.4978223229202570,30.7586633176120543
634,-55.2916928416059861,-19.8684569394099846,4.2689210703293998
635,9.4617402059907807,-7.0827598561288232,14.6369382780219865
636,9.3060061287369713,8.1708961364339707,13.0999671433066034
637,-52.4345542037750860,-22.5500383346576250,22.8402769072104306
638,2.1855933043147484,9.4848409230451356,25.3104372336996235
639,-34.5130103366569827,8.9153066195764374,16.9230299081236701
640,-1.7337755665977919,9.3152751054569105,11.9040696263602950
641,9.5523110391035093,7.2610204367180415,19.3220884299790612
642,-16.4861359240781482,-60.1660018763716167,3.7427088914467226
643,6.1765887934404269,-64.8624856870572302,28.5372036061494683
644,-60.4056155903046559,7.4158885979625415,24.2460043701384258
645,9.5727916227797163,-33.0464360022089778,27.7715025825300970
646,9.3710527485529376,6.1674986662706326,13.6988759666157058
647,3.1971974294154268,-68.8791722401783488,34.2758188497296672
648,8.0568732190204777,9.7481471987860964,19.0588650041470835
649,-68.2335675015722245,-4.8571938855847874,16.5792078658500408
650,-1.6346901767988531,9.8160064290606854,25.3635634963145016
651,-40.3692824263608543,9.5155930174065038,2.5736110174990325
652,-63.8366290428382825,-12.2032860175933440,17.0624512314801997
653,6.7568991464400705,-60.4324054769538961,9.3338694735084644
654,-31.7213274671966552,-42.9528463115819292,28.4087336277823788
655,-19.2626899506618123,9.5139645987297392,12.2224554062926138
656,9.2552538393348858,9.0987267920928758,19.1595207475387994
657,12.0641251694450951,-53.9242936688050989,0.5350814028227566
658,6.7419461833992367,9.2420612314779209,6.3272514303282099
659,3.4584606487607266,-68.6957498137355884,21.1535506267453286
660,9.0909168637701914,-2.5970251224014822,1.8826424005797413
661,7.9061356885837180,-51.6750874132828102,9.1083245420880896
662,10.2287351984817434,-19.3150050108472904,8.3292092966405900
663,7.7137040697153285,9.5543699345454129,25.3335928138395552
664,9.0800007251144006,6.7485169000455274,6.9440344953905546
665,1.8718578382719560,-70.4349908700485088,3.8806328244508079
666,9.5783959530322953,-6.0845894366745412,20.5173963782098632
667,-17.0519513660569615,9.7983668540622553,31.2638541429766370
668,0.5515030815290410,-70.9967751575097452,3.8798829370563301
669,-71.4280371558401157,2.6510236195854038,23.6575335163993721
670,-70.9419769988258366,0.3737195227581945,30.0376577728045220
671,-29.1329228740321220,9.4179279555951059,17.1734481882629098
672,-48.2929915714241886,8.6990518321152059,17.3095967079827417
673,10.1218984829510656,5.4481438908884803,33.0397191670949795
674,9.9868935452456391,-16.0479977973224770,27.1772881241279585
675,-70.5306983152153606,-1.5951227619947306,11.1730310312513996
676,9.7000993319498914,-18.5706750857273839,34.3668524244192355
677,9.4248347367678704,-36.0264988591784032,33.8042642737256642
678,10.2980780673174515,-20.2476482499527002,8.4197616656201379
679,6.8850022173547059,9.2272544928801299,6.3312327868327873
680,9.0755378324894345,6.7060296573123370,6.9551771359324759
681,-5.7180944307054382,8.9396815658527249,11.2360702311819658
682,-60.7693349955033213,7.3912277726009243,5.2217120515624922
683,4.4899140766536902,-66.6453132290150307,34.3962789548853678
684,7.5151948737559771,-52.6704951153009731,14.8264787436992940
685,10.1657781358289210,-0.9580083370617818,26.4773794795452773
686,8.8772815654280119,8.2307281989661334,6.6812236204922053
687,-1.4019513901296237,-70.7927172416889476,34.7119939728179645
688,-53.8017315268998217,8.2100448548742726,10.7462597576574357
689,-60.7995281450921610,-12.9908252074948702,11.0857775319234086
690,9.6512380218129667,-37.5911136236105179,21.1509939878708870
691,9.0269710259515392,7.4391751882958106,6.8092948202385273
692,9.6621391819186062,-3.4440147697314045,7.8670663289408260
693,9.6058991716183684,-0.3018253014593820,8.2190247825906617
694,-14.8116619294913043,-61.3720235753760406,3.7599968902437495
695,-4.1936787290590942,9.6809673421317424,18.7623237054883347
696,-62.8403383135909834,-10.8669155383961904,4.4555356034716773
697,-22.3065633845182347,9.7377623262866226,6.3455422378195099
698,-57.4863244436576721,-16.2286012938676301,11.3275186946439739
699,-4.2840575618875372,-69.5996727794369860,15.5915667701997549
700,-26.5012969785732970,9.2551454033574529,11.8177253240383209
701,9.8027383629581557,-9.1103475287043274,27.1299430792390019
702,9.7862495350865313,7.6965283692422366,32.6349165766750744
703,8.0649465287667343,9.8115100881335309,0.3146778787348611
704,8.5746314159443102,8.7882840403309892,6.5494644648362597
705,-35.9252569781216167,9.3094260329267176,30.8032470334853734
706,8.2672247386846358,-49.0452044737584387,8.6490101061406026
707,8.1515163328097753,-49.7689594044827217,8.7988292870178952
708,9.0552604550057119,9.9038887203159369,32.1728746703851129
709,8.7218586392672002,-50.7726178405093123,1.1705949858093454
710,5.7180445143876462,10.0099358907996425,31.9838160344186164
711,8.1865620997099722,-56.1735815824200628,33.6476133313554371
712,9.2896047382503752,-24.3155770075331397,27.0875656635228736
713,-14.8094244354246474,9.6085126835599883,31.1485401180066361
714,6.5795290939913365,-63.9220109286311100,28.4505582696741222
715,10.4225013221224980,-30.8383961163685782,15.3927331612071452
716,9.7145608978315430,-11.9451256265421897,27.1734554732912983
717,-0.2301683598320703,8.7731360074752782,6.2770314888485848
718,-0.0846473630434240,9.6498059465169508,12.3246157325232168
719,-24.6350897857221192,-49.7316299104096728,28.2689446449863837
720,9.9228418926532189,-1.8433971709762274,19.9125467877975382
721,10.2902734428829827,-33.2526408326969829,21.0983140464816827
722,-38.8085934165513535,-35.9801440567795225,9.9107429106876719
723,8.4932999325004079,-56.6325547587700768,28.0200355234274987
724,4.2179712180715967,9.7025122417026228,19.0929360435349196
725,10.1684182175758142,4.8295138544829062,33.1198472851052799
726,-43.3161446563361778,-34.7014298068608866,23.9072606570011565
727,-11.3338854395542050,-66.1207902045564140,15.6202207411625356
728,0.4416340155537788,9.4163952124503929,31.5384829293759417
729,-71.4978997035878621,-0.8367151923297146,4.5140934361666520
730,-66.7485820088292456,-7.5188437499269742,15.7019916537062727
731,2.5111992829473686,-69.6329529501046380,34.2653264467575482
732,9.0803496775673764,3.8221164555074991,7.9433658212609188
733,8.9521752604451095,7.9581205838938658,6.7247053543084618
734,7.5799484116377887,-52.3324721884639104,14.7964063894451776
735,-70.6035619966620374,3.7513027254890470,23.7767262183928487
736,9.9235067087842150,-1.2727119449072948,19.8099474031991996
737,-14.8765048687877712,-59.8202178561203866,35.0928260364579216
738,0.6366909902000397,-70.5174418857570515,21.5222536932577881
739,9.3337552612150354,7.7810644509294962,25.7537763781007669
740,-47.7923934775485932,8.7238154888123738,17.2373341233361828
741,9.8262159154159807,-24.0885499997241013,33.7399945912020698
742,8.7674510101625156,-43.8443425355753931,20.7396170824366806
743,8.6301622416690833,-46.4822317679910881,34.3394576112098306
744,1.5135867663795286,-70.0784786069615535,21.5215188939506561
745,5.7091898346195595,-62.1357345650758788,15.2886311516818960
746,-36.6238966807476629,9.1961457112729921,30.7160938019789533
747,9.0123954156101203,9.1931837770296791,0.5352270635017630
748,6.4916221814507766,9.5685297040467070,12.7719036336802283
749,10.1846395908597049,-3.4077011333068334,26.7668355053222555
750,10.1849643934776424,-6.5595820125361808,26.8455082143511170
751,8.8888157379054267,8.1727978337241645,6.6862671648284797
752,-31.8629596625831688,9.0470707625166948,16.9841486209222481
753,-11.3474678828982380,-64.1309918965445434,28.2854912358777923
754,8.5641869032950524,8.7915421193052250,6.5446634956867022
755,6.0194520994712004,-62.4654103953979458,34.5408226286377982
756,-21.6743900173695359,10.0369964892442400,25.0646687275211697
757,9.6464687301567924,-0.6419528339339509,8.1932080032169008
758,-32.2505965537422341,-41.7953288333225572,16.5420482163182569
759,9.6470171792692057,-7.2967104787502075,20.5328972298421881
760,-43.9536352423641432,-29.7799058923047753,9.6128343158610701
761,-71.1050359676071935,0.5441087618167058,18.2219744151107577
762,12.7278858854561392,-45.4274301505758373,0.8659871784478479
763,-38.5420900233263310,8.8925952394525876,30.6745665958725056
764,9.9074706864131681,-2.5579206217274724,20.0408762086448498
765,9.9124254551834756,1.6921162986876912,19.6260274751678132
766,-69.2119130989182025,3.9974293601359059,10.6001144275413477
767,1.6397210127546891,9.8555037603312599,12.6495850400212593
768,-6.0377346951097506,-67.5560912260218913,27.9879778444541287
769,-56.4580799077280702,-19.8640871840502378,22.4007191084210362
770,-49.7770962217838786,-24.8760422818839828,22.8400484630648037
771,-1.6518512995878549,-71.0935078657986281,21.3359981101616683
772,-71.2817761995659822,-1.5220348824328502,22.9752278106876595
773,10.1814114026860452,-3.4072911162748531,26.7666648490189907
774,-29.3447030366943089,9.3769321117571636,17.1512289056366818
775,10.0019205936116116,6.1769084663881522,32.9218937137050958
776,-6.1821903066170867,8.9810707611515941,11.2604469294486780
777,6.1099015514306103,-64.3612208981358691,2.7932678417928782
778,5.4761900378137636,-63.2166635171960607,15.3480165885944579
779,9.8303556370248266,7.2543216616130248,32.7185628290647799
780,-67.5873455460224619,-7.2197761309217636,23.5276950540138827
781,-10.0537756008622576,9.2867280023437644,11.6909763693474975
782,-20.6559346196868923,10.2146854953420618,31.7288646293215066
783,-62.9165977127698426,8.7200826986066158,10.6071722517195806
784,-24.2883162255725509,10.5593954777864738,31.7965537290900357
785,-50.5523181226740093,-22.3708418103735731,10.6573127286680425
786,-51.3470626863143806,-23.4341244661320935,22.8572537116065000
787,10.3920967504053241,-29.0161065043624085,15.2471091878966600
788,-29.6588384108132566,9.5568788048490294,5.7635687450377180
789,7.4559175108072155,10.2632365289556020,32.0191777255054006
790,7.0005732345509042,9.5134930929463639,12.7149870743101641
791,-20.8075486757743811,-53.1650661734383618,23.3584392175548210
792,-16.2841669327810123,-59.3456944163885751,9.7054791491522359
793,-30.7720545380733554,-44.4620050129786080,3.4704668306880024
794,-63.1483687620268768,-11.5262707336275856,29.5965566360029477
795,6.5896084830612320,-58.3484882626273276,21.1683437869372675
796,-4.3035543270188050,8.9060842607129480,11.3356605405978623
797,9.4702773069997690,6.2039530790188877,25.8162994414998863
798,10.0453341388929367,-10.4613605145716217,8.1500410371805323
799,1.3461230495572714,9.0565662108978202,6.2604419316954116
800,8.8959228229130449,-49.2992655964426518,1.2248944503335422
801,-11.1100466758472702,-63.1386759632875396,3.3679675440136263
802,-70.9899438812391139,-2.4706523488158663,4.7016294873364055
803,4.1020773591352908,-67.3116212137845906,9.6780423282038353
804,9.8931063914858086,-24.9527981038482771,33.5904422361538550
805,9.1324814172951339,-17.2494196050776587,20.6850925760001907
806,-40.1385471614779803,-35.3943361228135842,15.1646280168810659
807,10.0461194532674494,2.7249320035389717,33.1285613351165296
808,9.5545186573259215,-29.9253136498611916,27.2790925345322570
809,9.6851348631347882,4.0270293044898677,26.0932505343439303
810,-5.4679053134306290,9.6737218445105917,18.6422709498787498
811,9.7118081776287273,-18.6806454443631331,34.3598637493108612
812,-22.0848251141677387,9.5314518847816299,18.0378749823557172
813,-66.3748716391338576,6.2593298665705790,4.6350985746974205
814,-71.3556900002229355,2.8061865588502672,23.6827451557324089
815,-53.3708471876564943,-21.1833116595048629,28.9253535316865360
816,9.0760988389278676,3.9848148750345249,7.9027377762537183
817,-46.4039287935448144,-28.9338623255955483,23.2675113696202764
818,9.4195352195336142,5.6358072135386710,1.1811587136965669
819,-13.7950613404585525,9.4566551753659081,5.9604176866274949
820,-61.7337086384406959,9.7121340259563596,10.2248914934633479
821,5.4951831936639790,-66.4123311597158619,28.6792250593726550
822,-4.2921696575789543,9.6768075586234552,18.7489350519906637
823,6.4870233795317329,-63.1852501863809337,2.5772619549276290
824,10.0656344712655539,1.5472576275041667,33.1040914700642546
825,10.0824800532662309,1.3047931820082397,33.1072963159563898
826,8.9034625900111131,9.2163660192708630,12.8741525316631051
827,9.6430368078201756,-9.6653209732186127,1.9752119591875290
828,-68.5781632635891043,4.7732857090964744,4.4380866957899929
829,-63.7135714436484264,6.1541859933643739,29.6197894145353082
830,10.0299426717912024,6.0123724530857761,32.9500409301028014
831,9.2126099601866933,8.5265772127778519,25.6745935898402955
832,9.2992225552287646,8.4014552854594537,0.7089321755259800
833,-3.6648977715904913,-70.5861085110684883,3.4471499309951401
834,-64.7679000104127596,-8.1082998784601923,11.4811795334474258
835,-71.0422505294868074,2.4319307298649844,4.4552693861300190
836,-12.2439487433261149,9.4333643731125658,31.0496589192372703
837,9.7469131813939534,-1.7493383778577785,14.3121268169849820
838,5.4660893532612196,-65.8895424473833060,3.0867482543501179
839,9.0935805374273375,6.6113181365755382,6.9776736170155500
840,9.6899660229081075,-32.6831723699756580,33.8346160674166470
841,9.5302024934198997,-32.2158996657769876,27.5536708988373213
842,-21.5888911988931547,9.5394794521156285,18.0710098456056478
843,-23.0361022919187732,9.7531631445763303,6.3540723238193362
844,-22.3768830858029446,10.4470625822656480,31.8594727222767951
845,1.8989539698640965,-71.0421183953342421,15.8385051151095233
846,-4.1734351428357117,8.9236329643243035,11.3553690342632141
847,-31.1616679211082364,9.7230291064813681,31.2909165045723903
848,9.0397475210988798,9.0721376514097791,12.9183191111977393
849,-23.0855909096430345,-53.1797565815202802,8.8249133540671334
850,7.8275253795637409,9.5447099576210555,25.3502039910692041
851,-20.4038394946376762,-54.8301970949804769,16.5998415667193662
852,-14.8091633556076125,9.4639778557003318,5.9838803460153924
853,-0.5991948890204488,-69.7202844978092884,9.4478028501551474
854,9.3176606683454430,7.8578496195221179,13.1734859358249512
855,9.7731484832006466,-4.8823967690591363,7.8377087409969475
856,9.3033052121576372,8.1065454354556046,25.7278661689997357
857,-9.9847265803767282,9.4743193476213836,6.0244735793601780
858,9.8890830081809558,6.7815846410599105,32.8105672989325612
859,-70.8457033611028777,0.9710509627851891,30.1087507551202123
860,-48.6992548055395105,8.6817349822631105,17.3693663920427959
861,9.2659208094129699,8.3151297839239238,25.7049877407440022
862,6.6790808154221919,9.5374581479248484,12.7464398011665914
863,-26.7293282363311739,9.7321846007719301,24.0953761685352532
864,-71.2845065583369148,2.9434287772181311,23.7031842311711820
865,9.8782772667460161,-3.6376993891783700,20.2298479090402132
866,9.3387015824222157,7.8630130578398187,25.7495103768213234
867,-68.6490521931918778,-5.1441815475244148,30.2369781534635891
868,1.9330517976344621,-70.1105013438420741,34.2893230072321558
869,9.7054938722954578,0.0677059859951997,14.2868707076668890
870,9.7241176674047640,3.5118889680653624,26.1954578726158474
871,6.3887212302754763,-63.5228935943411415,2.6381449022246346
872,-3.2046415408937361,-69.2067017340009585,9.4490942285297415
873,9.4537080080029590,4.5840761329990922,1.4135475253030620
874,-23.0523826128666265,-53.2380959917994332,8.8125518003812484
875,1.0804915554938372,9.4029531616725190,31.6174911293370968
876,-20.0508864314682071,-55.3414540308400476,16.5652844744858747
877,-2.3354886131455928,9.7974495763852953,25.3133025336693294
878,9.7858297703499151,-10.0329900743987501,20.4473375325347391
879,-2.0574340435653782,9.7304612154465353,18.9852430991013144
880,-17.5111204321971350,9.8845860623028745,25.2054094855327619
881,9.6687646483810781,-0.8610560441914394,8.1714208612052133
882,-29.8495266457875523,9.7543182467872640,31.2744025169913193
883,9.3466341619345794,-34.3644140044521080,8.9439575124991411
884,-68.3228971455913978,-4.6503861565596951,16.7224563171480476
885,9.4598016431055338,-34.6505821621509185,27.8475879729957931
886,9.2451766201333641,-16.5533897970607491,14.6511784484746528
887,9.4411128876885702,-21.8355543138270960,15.2378436230419254
888,-16.8039445189721306,-58.9078500189319740,22.1358767020771339
889,3.0501851584367361,9.8692462596827149,12.7830273014843527
890,-70.1705152992292795,-1.7700678827106975,17.9317464027349658
891,9.2062787433426951,-35.5599192425359689,8.8480474155149302
892,3.1733549477638441,9.3550705523917905,25.2624048444130800
893,-69.0475916470452091,-4.3185384427374940,10.9567870208428904
894,9.5354489947747538,-11.5288868457868077,14.5867718138408868
895,-1.4525410863114299,9.8157155039889101,25.3698852866845819
896,-25.6687996891702781,9.7302392327700549,6.2581021530468588
897,5.8308773865444588,9.8762698071084092,0.4398951152951886
898,3.9321410134926071,-69.3795947298530535,28.8227087834550773
899,-68.3173298567618730,5.4594921875051110,10.6948624908980090
