,4
Score,2.5448200702667236
History_Std,5.013535976409912
Mee,1.3664638996124268
Test_Score,3.1669626235961914
Test_Mee,1.506908893585205
Trained_Epochs,1000
Old_Best_Epochs,996
Old_History_Last,1.5051454305648804
Old_History_val_Last,1.5652728080749512
Old_History,"[42.33904, 40.89842, 38.3819, 37.574295, 36.79505, 35.894123, 34.981884, 34.14533, 33.397247, 32.690346, 31.997751, 31.36573, 30.871635, 30.443737, 30.036161, 29.640154, 29.247564, 28.85387, 28.444689, 28.029146, 27.602636, 27.170294, 26.722229, 26.262182, 25.783632, 25.302423, 24.811895, 24.312143, 23.793554, 23.26404, 22.73673, 22.207165, 21.68065, 21.15875, 20.649336, 20.150728, 19.669014, 19.203861, 18.752295, 18.319923, 17.90333, 17.506762, 17.131031, 16.779844, 16.444168, 16.130135, 15.831853, 15.549973, 15.284758, 15.037229, 14.803095, 14.583679, 14.37495, 14.17934, 13.996616, 13.821296, 13.655641, 13.500406, 13.352522, 13.211775, 13.076162, 12.945453, 12.821166, 12.699905, 12.580707, 12.464224, 12.351848, 12.238717, 12.126495, 12.017756, 11.906155, 11.795067, 11.685575, 11.572214, 11.459781, 11.346846, 11.232432, 11.119177, 11.006995, 10.897169, 10.7837925, 10.67422, 10.565279, 10.460023, 10.357212, 10.256592, 10.158571, 10.064186, 9.96886, 9.877775, 9.787908, 9.701729, 9.617751, 9.535655, 9.453331, 9.37322, 9.294282, 9.214618, 9.1376295, 9.061124, 8.983487, 8.906939, 8.831457, 8.754571, 8.682096, 8.602611, 8.527333, 8.454375, 8.384935, 8.314658, 8.243456, 8.17682, 8.111314, 8.051059, 7.9899073, 7.9233027, 7.8639126, 7.809103, 7.7557797, 7.7022786, 7.6476693, 7.5955367, 7.5455384, 7.4977746, 7.4501867, 7.4070296, 7.3602405, 7.3151584, 7.271681, 7.233549, 7.186976, 7.1542716, 7.108046, 7.0686483, 7.0327106, 6.994675, 6.955128, 6.919458, 6.8849287, 6.849838, 6.813664, 6.7771535, 6.7431903, 6.7078185, 6.673641, 6.6397557, 6.610291, 6.573009, 6.541041, 6.50958, 6.4765944, 6.4476914, 6.413145, 6.380586, 6.3502407, 6.314807, 6.288929, 6.2550364, 6.2218704, 6.187533, 6.1542406, 6.1250615, 6.0951276, 6.062447, 6.0324965, 5.996701, 5.964812, 5.9342327, 5.9056506, 5.871651, 5.838632, 5.8044434, 5.7737274, 5.7415032, 5.712304, 5.6791863, 5.646137, 5.6115994, 5.5763946, 5.5436635, 5.5118957, 5.480195, 5.4510865, 5.4144545, 5.386457, 5.351737, 5.3215094, 5.289, 5.262102, 5.225279, 5.1950307, 5.162362, 5.1349487, 5.096555, 5.0750494, 5.03594, 5.0085807, 4.9782214, 4.9465938, 4.9155703, 4.906172, 4.860478, 4.835963, 4.8022947, 4.778741, 4.751509, 4.722357, 4.697804, 4.68197, 4.646492, 4.627337, 4.5985217, 4.571293, 4.5483766, 4.521866, 4.5039687, 4.480841, 4.464791, 4.4402604, 4.411636, 4.388872, 4.36988, 4.3485985, 4.338219, 4.3158636, 4.2891746, 4.2756815, 4.250569, 4.2321916, 4.213861, 4.196452, 4.178404, 4.1608357, 4.1474533, 4.1296535, 4.1134953, 4.0918083, 4.0776534, 4.062978, 4.043628, 4.026257, 4.0098014, 3.9984467, 3.9865468, 3.9691281, 3.9571192, 3.938356, 3.9205654, 3.9122715, 3.8951206, 3.87798, 3.8679395, 3.856356, 3.8457603, 3.829517, 3.8168633, 3.8034754, 3.7892962, 3.7729683, 3.7710872, 3.7522037, 3.7456012, 3.7225556, 3.7129488, 3.698237, 3.6894553, 3.6743917, 3.662595, 3.6654468, 3.6408665, 3.6283333, 3.6193259, 3.6087136, 3.5990431, 3.5944707, 3.582906, 3.5672247, 3.5546832, 3.543796, 3.534045, 3.5261304, 3.5137472, 3.5015917, 3.4962697, 3.4862838, 3.4701, 3.4582095, 3.4524732, 3.4388976, 3.4297838, 3.4200191, 3.4138367, 3.4016845, 3.392204, 3.3820071, 3.3750155, 3.3660994, 3.3572097, 3.3502686, 3.338471, 3.3337693, 3.322866, 3.3121874, 3.3019633, 3.2953053, 3.2832088, 3.2801144, 3.27347, 3.2618601, 3.2565355, 3.246781, 3.2503524, 3.2277017, 3.2166927, 3.214493, 3.2017899, 3.1947908, 3.1912796, 3.1807368, 3.1722548, 3.1737678, 3.1610692, 3.1475163, 3.1374516, 3.1315167, 3.1261978, 3.1191094, 3.112569, 3.1023912, 3.0968413, 3.0881908, 3.0826306, 3.0773194, 3.067442, 3.0681531, 3.0511684, 3.049172, 3.0373461, 3.0301378, 3.024116, 3.0212958, 3.0142398, 3.0078812, 2.9974616, 2.991991, 2.9895358, 2.9871132, 2.97288, 2.9679706, 2.958086, 2.957882, 2.948044, 2.9408586, 2.9320436, 2.9289916, 2.921711, 2.919477, 2.9156265, 2.9005926, 2.908336, 2.8923564, 2.8982954, 2.8798516, 2.8789003, 2.889664, 2.8615477, 2.8621254, 2.8478997, 2.856799, 2.8415444, 2.8395286, 2.8298295, 2.8263738, 2.8222938, 2.809785, 2.8052278, 2.8278222, 2.7945473, 2.809311, 2.7850027, 2.7851574, 2.7745118, 2.7679653, 2.7670395, 2.7572203, 2.7491002, 2.7498744, 2.7582877, 2.7424855, 2.735416, 2.7333944, 2.7243845, 2.7205331, 2.7115803, 2.7041223, 2.7017522, 2.7021368, 2.689361, 2.6873682, 2.6813526, 2.675214, 2.6759512, 2.6708572, 2.6594296, 2.6573975, 2.6760404, 2.6622744, 2.6662824, 2.6397908, 2.6573262, 2.631581, 2.6327527, 2.628626, 2.6166415, 2.6222034, 2.6107948, 2.605343, 2.5996315, 2.5994282, 2.6057525, 2.6037223, 2.5870466, 2.5904026, 2.5861795, 2.5757828, 2.6033397, 2.566609, 2.5609405, 2.5603552, 2.5537057, 2.5504317, 2.5424764, 2.5402746, 2.5345345, 2.5301433, 2.5296044, 2.5363657, 2.5201452, 2.514955, 2.5114427, 2.5057147, 2.5100694, 2.4977603, 2.5085073, 2.4934464, 2.485922, 2.4810634, 2.484911, 2.4750116, 2.4796534, 2.4699347, 2.4727538, 2.4707575, 2.4565566, 2.4537823, 2.45096, 2.451134, 2.4476998, 2.4429107, 2.4398863, 2.4291077, 2.4368532, 2.4270525, 2.4272842, 2.4201179, 2.421348, 2.4224408, 2.407952, 2.4215386, 2.4183009, 2.4065049, 2.3984144, 2.3914375, 2.3949049, 2.3844314, 2.3821082, 2.3785431, 2.3776312, 2.3872542, 2.3693647, 2.372866, 2.3642578, 2.3618402, 2.35679, 2.3720136, 2.349802, 2.3511975, 2.34991, 2.3384006, 2.3372889, 2.3473628, 2.3351495, 2.3264086, 2.3371146, 2.3247705, 2.3330517, 2.3135962, 2.315451, 2.3175216, 2.3120894, 2.3096619, 2.2973547, 2.2958581, 2.2997603, 2.2948482, 2.2868786, 2.2953289, 2.2838311, 2.3014, 2.2764568, 2.3012886, 2.2726998, 2.2637265, 2.2648916, 2.2603269, 2.2626302, 2.2678034, 2.2530901, 2.2503836, 2.249758, 2.2504873, 2.2474518, 2.2480278, 2.2360883, 2.2453938, 2.2283738, 2.2334106, 2.223315, 2.2218232, 2.2233443, 2.2223077, 2.218435, 2.220138, 2.2118702, 2.218341, 2.2003376, 2.2033558, 2.1948612, 2.1951485, 2.2015219, 2.1933038, 2.1888492, 2.1911156, 2.180557, 2.1843622, 2.179473, 2.2154396, 2.175735, 2.1843426, 2.1689336, 2.1697993, 2.1721983, 2.15727, 2.1575427, 2.1554737, 2.1719742, 2.1471195, 2.1444566, 2.1409237, 2.1427975, 2.1419325, 2.142435, 2.1312387, 2.1295776, 2.127832, 2.1241243, 2.1218476, 2.1210737, 2.1211324, 2.1344268, 2.1284027, 2.119328, 2.107064, 2.1064153, 2.1151109, 2.097885, 2.1013362, 2.1034808, 2.096527, 2.0904808, 2.0891595, 2.089948, 2.0914252, 2.0813868, 2.0757194, 2.0793278, 2.0719597, 2.0721083, 2.0698295, 2.0724826, 2.0639453, 2.0629597, 2.062295, 2.0629392, 2.075943, 2.0534313, 2.0494013, 2.051628, 2.062373, 2.0495298, 2.0401435, 2.0557053, 2.0371423, 2.0361948, 2.0370603, 2.0291617, 2.0318487, 2.0358596, 2.0365863, 2.0237865, 2.0271392, 2.0153613, 2.0291688, 2.0158024, 2.0089178, 2.0284534, 2.0092704, 1.9995024, 2.0023508, 1.9988387, 2.0086296, 1.9946424, 2.0048192, 1.9916124, 1.9950764, 1.9907936, 1.9828683, 1.9900045, 1.9853847, 1.9774305, 1.9965441, 1.9782637, 1.975179, 1.976603, 1.9669534, 1.96602, 1.9669555, 1.9664937, 1.9811001, 1.9569107, 1.9668692, 1.9538932, 1.949766, 1.9663819, 1.9457344, 1.9564111, 1.9578588, 1.9486225, 1.9393718, 1.958517, 1.9344082, 1.9399266, 1.9367888, 1.9383976, 1.9311253, 1.9413692, 1.935615, 1.9244194, 1.9217681, 1.9196725, 1.9167687, 1.9144064, 1.9143778, 1.915054, 1.9100611, 1.9220858, 1.905392, 1.9060726, 1.9008633, 1.9009764, 1.9029001, 1.8998568, 1.895121, 1.894661, 1.8987579, 1.8948382, 1.8883269, 1.8912635, 1.8894368, 1.8868486, 1.8969613, 1.8826846, 1.8769131, 1.8732442, 1.8759712, 1.8753697, 1.8719237, 1.8662252, 1.879551, 1.8685979, 1.8649293, 1.8612928, 1.859777, 1.8607544, 1.8544213, 1.8541657, 1.8550804, 1.8603823, 1.8598962, 1.8510666, 1.8485621, 1.8529034, 1.8431367, 1.8459264, 1.8492247, 1.8437951, 1.8418348, 1.834398, 1.8348649, 1.8328667, 1.8292199, 1.8263456, 1.8271675, 1.8249737, 1.8237133, 1.8213828, 1.8251389, 1.817458, 1.8290495, 1.823428, 1.8137712, 1.8201647, 1.8129531, 1.8122405, 1.8162977, 1.8076758, 1.8195311, 1.8077384, 1.807468, 1.8003769, 1.8065034, 1.7943568, 1.7956518, 1.7912089, 1.7931279, 1.7898142, 1.798736, 1.7928286, 1.7913836, 1.8086518, 1.796268, 1.7898841, 1.7868296, 1.7841991, 1.7791198, 1.7809291, 1.7793533, 1.7749982, 1.7713933, 1.7747344, 1.7669345, 1.7666, 1.7734587, 1.7648805, 1.7665027, 1.764935, 1.7657019, 1.7829745, 1.7562513, 1.7555711, 1.7552013, 1.7568654, 1.7648453, 1.7514305, 1.7502955, 1.7621318, 1.7482576, 1.7480074, 1.7460121, 1.7510842, 1.7402543, 1.7477183, 1.7464062, 1.744909, 1.7447115, 1.7359542, 1.7412723, 1.7357945, 1.7389122, 1.7300115, 1.7327453, 1.7274734, 1.7252312, 1.7304429, 1.7320056, 1.7215469, 1.7446226, 1.7207141, 1.7198144, 1.7249954, 1.7430832, 1.7223765, 1.71685, 1.7132517, 1.7154498, 1.71191, 1.7119867, 1.7186394, 1.7108244, 1.7061086, 1.7054784, 1.7007223, 1.7064105, 1.7053474, 1.6973101, 1.6965147, 1.6953299, 1.6957415, 1.7152199, 1.6979265, 1.6894026, 1.692243, 1.6926703, 1.6850768, 1.685294, 1.6973742, 1.6839557, 1.6863976, 1.6814829, 1.6856925, 1.6778208, 1.6927513, 1.6760489, 1.677357, 1.678319, 1.6808683, 1.676337, 1.6689193, 1.6673708, 1.6733942, 1.6673067, 1.6699256, 1.6813822, 1.6623482, 1.6666876, 1.6698958, 1.6666061, 1.6601737, 1.6593035, 1.6546575, 1.6607219, 1.6530267, 1.668317, 1.6555756, 1.6527544, 1.662818, 1.6536622, 1.6597534, 1.6538541, 1.6616213, 1.6518269, 1.6440923, 1.651304, 1.6460258, 1.6503263, 1.6495897, 1.6384863, 1.6494867, 1.6352997, 1.6384478, 1.6331743, 1.6363554, 1.6344123, 1.6304052, 1.6281803, 1.6360843, 1.631696, 1.6303139, 1.6246443, 1.6241837, 1.6229597, 1.6239017, 1.6283251, 1.6390222, 1.6312788, 1.655485, 1.6219329, 1.6234801, 1.6147307, 1.6126059, 1.6211972, 1.6130141, 1.6175709, 1.6112055, 1.6081119, 1.6050779, 1.6280574, 1.6060127, 1.6083047, 1.6032587, 1.6051728, 1.6059226, 1.6015092, 1.6067597, 1.6021956, 1.6075267, 1.600581, 1.5946944, 1.595591, 1.5947145, 1.5969572, 1.604459, 1.5946021, 1.5935651, 1.5969967, 1.5983806, 1.593572, 1.5821009, 1.5848541, 1.5809925, 1.5836123, 1.585037, 1.5834252, 1.5820496, 1.5769994, 1.6051275, 1.5756046, 1.5758581, 1.5764112, 1.5756378, 1.5723963, 1.5757588, 1.5809237, 1.5713621, 1.5781105, 1.5722973, 1.5745325, 1.5704997, 1.5684944, 1.5635394, 1.5650433, 1.5739512, 1.561965, 1.5625843, 1.5654138, 1.5628673, 1.558926, 1.5711972, 1.5548558, 1.5691445, 1.5572004, 1.5550032, 1.5553763, 1.5507587, 1.548572, 1.5532051, 1.5537082, 1.5599693, 1.5607797, 1.5529232, 1.5465122, 1.547558, 1.5454838, 1.5449854, 1.5490649, 1.5590627, 1.5447675, 1.5399786, 1.5435923, 1.538856, 1.5486841, 1.5448177, 1.5520295, 1.535034, 1.5372592, 1.5359721, 1.5328944, 1.5325091, 1.5322607, 1.5424709, 1.5299938, 1.5393736, 1.5306915, 1.5291743, 1.5307884, 1.5307766, 1.5330883, 1.5263274, 1.5332547, 1.5245899, 1.5274097, 1.5227334, 1.532431, 1.5183966, 1.5203393, 1.5181961, 1.5297362, 1.5178443, 1.5154196, 1.5142325, 1.5179988, 1.5089432, 1.5131392, 1.517771, 1.5121872, 1.5082116, 1.5106173, 1.512238, 1.5116068, 1.5051454]"
Old_History_val,"[44.48757, 41.268658, 39.235554, 38.50898, 37.703377, 36.74098, 35.74762, 34.832893, 34.006306, 33.248844, 32.510647, 31.846298, 31.329094, 30.87441, 30.443722, 30.028067, 29.618937, 29.20844, 28.785734, 28.356886, 27.91726, 27.475367, 27.01631, 26.543932, 26.055147, 25.560802, 25.05874, 24.545094, 24.012241, 23.464556, 22.920631, 22.370947, 21.8264, 21.28733, 20.761717, 20.244335, 19.747276, 19.265217, 18.797966, 18.351057, 17.920183, 17.508518, 17.118149, 16.758162, 16.41031, 16.08571, 15.776898, 15.484594, 15.206444, 14.948816, 14.70599, 14.482317, 14.262295, 14.061137, 13.875227, 13.694223, 13.522108, 13.363182, 13.216157, 13.072835, 12.937471, 12.8059435, 12.685027, 12.56405, 12.442353, 12.326172, 12.217338, 12.105855, 11.993018, 11.892706, 11.782521, 11.676354, 11.574009, 11.462076, 11.355563, 11.247424, 11.136288, 11.031887, 10.922657, 10.830662, 10.715799, 10.614103, 10.501337, 10.400632, 10.3027725, 10.204355, 10.112327, 10.023363, 9.922381, 9.8383465, 9.740773, 9.652469, 9.572186, 9.497046, 9.412443, 9.327464, 9.257661, 9.172129, 9.100252, 9.024088, 8.945052, 8.870985, 8.79266, 8.718112, 8.6565, 8.574417, 8.501081, 8.4289255, 8.36816, 8.301494, 8.231781, 8.167537, 8.104918, 8.048835, 7.990302, 7.9206567, 7.8622565, 7.813743, 7.762934, 7.713619, 7.6586347, 7.6043696, 7.557454, 7.516803, 7.469827, 7.4305725, 7.385045, 7.34254, 7.302004, 7.2702765, 7.220771, 7.194691, 7.1453257, 7.105431, 7.07838, 7.0446887, 7.0013094, 6.9693937, 6.940333, 6.9080973, 6.873364, 6.840168, 6.8088365, 6.773328, 6.742041, 6.714285, 6.6912627, 6.6456666, 6.6187463, 6.5873284, 6.5571613, 6.537288, 6.5009904, 6.4652667, 6.444349, 6.4035916, 6.386297, 6.354761, 6.315724, 6.2835546, 6.247979, 6.2182693, 6.197867, 6.1673236, 6.1291084, 6.101403, 6.067187, 6.0351214, 5.99936, 5.9687567, 5.942469, 5.9063544, 5.8827243, 5.8455577, 5.8190603, 5.78347, 5.75006, 5.7292166, 5.6880355, 5.6573935, 5.620365, 5.592742, 5.5593653, 5.5264716, 5.494698, 5.4628706, 5.4293113, 5.4088316, 5.364884, 5.337732, 5.3068066, 5.27301, 5.243198, 5.217866, 5.1829777, 5.1533775, 5.1220255, 5.096052, 5.077448, 5.0456743, 5.0195885, 4.9945374, 4.959285, 4.939297, 4.9080453, 4.891127, 4.8630447, 4.8398824, 4.814812, 4.7910895, 4.76228, 4.746739, 4.718224, 4.697013, 4.677352, 4.6546755, 4.6359468, 4.6132765, 4.5962195, 4.5694194, 4.5539618, 4.539118, 4.518971, 4.5142183, 4.476853, 4.4597797, 4.4401684, 4.4252615, 4.403564, 4.3856277, 4.368059, 4.355372, 4.3348384, 4.3268065, 4.303355, 4.292955, 4.270914, 4.2578535, 4.2470207, 4.2250676, 4.205807, 4.1938944, 4.177894, 4.166389, 4.147208, 4.1397915, 4.1195, 4.1056447, 4.0987897, 4.0795226, 4.0663533, 4.056022, 4.0395236, 4.031724, 4.0151134, 4.005969, 3.99026, 3.9706907, 3.960128, 3.9530225, 3.942657, 3.9244936, 3.908948, 3.8975601, 3.880422, 3.8715324, 3.8559844, 3.8409612, 3.8473804, 3.82152, 3.810011, 3.7975624, 3.7910438, 3.778458, 3.770415, 3.751393, 3.7395358, 3.7291932, 3.718711, 3.7098343, 3.7055233, 3.689607, 3.6733215, 3.6715374, 3.6569915, 3.6430202, 3.6336894, 3.6229534, 3.6077404, 3.5967548, 3.5930638, 3.5835154, 3.5691388, 3.5599391, 3.5486794, 3.5344512, 3.526467, 3.5187054, 3.5075243, 3.4998028, 3.4937632, 3.4821353, 3.4683626, 3.4618044, 3.4459076, 3.4387794, 3.4318874, 3.4298306, 3.4114044, 3.40766, 3.3931203, 3.401185, 3.372141, 3.3624105, 3.362817, 3.346501, 3.336625, 3.3269699, 3.3173194, 3.3083658, 3.3090963, 3.3009987, 3.28243, 3.2714243, 3.261973, 3.254651, 3.2439187, 3.236361, 3.2286448, 3.2180965, 3.21126, 3.2075822, 3.196259, 3.1914847, 3.189916, 3.1700015, 3.1660793, 3.1527374, 3.1445596, 3.1378899, 3.1363492, 3.1273997, 3.1152325, 3.1047692, 3.0973933, 3.096698, 3.0923681, 3.078554, 3.0710964, 3.0614855, 3.059295, 3.049479, 3.0457222, 3.0310884, 3.02768, 3.0181675, 3.011017, 3.0098455, 2.9968908, 2.9953978, 2.9813576, 2.9789245, 2.9744208, 2.9634168, 2.9675832, 2.9477577, 2.9404807, 2.932794, 2.9339077, 2.9205945, 2.9204373, 2.9116597, 2.903978, 2.8964481, 2.8908737, 2.881382, 2.8984525, 2.8713398, 2.8812308, 2.859751, 2.8537781, 2.8460524, 2.83733, 2.8312602, 2.8256395, 2.8198717, 2.817617, 2.8248203, 2.801619, 2.7963002, 2.7968705, 2.78893, 2.7827005, 2.7713325, 2.7659256, 2.7580638, 2.75752, 2.7489438, 2.7452111, 2.7402327, 2.730843, 2.7267134, 2.724585, 2.7150142, 2.7110388, 2.720992, 2.722668, 2.7102354, 2.6954372, 2.7040062, 2.6784844, 2.6778069, 2.67711, 2.6651087, 2.665815, 2.6591785, 2.6524587, 2.644824, 2.645199, 2.647339, 2.642362, 2.6309009, 2.6286676, 2.6282215, 2.6162403, 2.6443794, 2.6139846, 2.5995095, 2.597796, 2.5918884, 2.5998976, 2.5829227, 2.57961, 2.5716255, 2.564084, 2.5655057, 2.572218, 2.556104, 2.5512314, 2.5482936, 2.5415056, 2.5447571, 2.5354135, 2.5402558, 2.5355442, 2.5225775, 2.5178933, 2.5175905, 2.5098681, 2.510201, 2.5009975, 2.5035408, 2.5036285, 2.489044, 2.4843662, 2.4818707, 2.4811928, 2.4752557, 2.4694488, 2.4780912, 2.462946, 2.4738824, 2.4558785, 2.4588728, 2.4564517, 2.4563768, 2.4459577, 2.439277, 2.4569254, 2.4368565, 2.426317, 2.4291747, 2.4184499, 2.4165256, 2.4131234, 2.4089518, 2.4095595, 2.4119895, 2.412271, 2.3965638, 2.4039764, 2.3911529, 2.3899865, 2.3894362, 2.3940365, 2.3734643, 2.3785894, 2.3712044, 2.3613925, 2.3582373, 2.369022, 2.3657358, 2.3563938, 2.3667116, 2.3512902, 2.3566108, 2.3415265, 2.3503518, 2.3392234, 2.3388453, 2.3351007, 2.326542, 2.3218706, 2.3384738, 2.3231034, 2.3173392, 2.3195229, 2.3118987, 2.3140762, 2.3022814, 2.3120706, 2.305679, 2.2876482, 2.2931561, 2.2845156, 2.2880845, 2.2849557, 2.2856083, 2.2760968, 2.2754033, 2.2686942, 2.2784333, 2.2667575, 2.2583804, 2.2650454, 2.2626429, 2.254506, 2.252422, 2.2565875, 2.256522, 2.24452, 2.2468476, 2.2417705, 2.2368507, 2.2427344, 2.2263765, 2.2363505, 2.2279372, 2.2230823, 2.2275817, 2.2209108, 2.2123175, 2.2093875, 2.2071884, 2.209754, 2.205127, 2.235783, 2.1962938, 2.2013974, 2.2013624, 2.1929607, 2.1968966, 2.1781738, 2.188665, 2.1895776, 2.1924229, 2.1721313, 2.163069, 2.170145, 2.1722233, 2.1625323, 2.1681242, 2.1534073, 2.1526446, 2.1521587, 2.1478336, 2.152266, 2.1446385, 2.1489358, 2.152631, 2.15791, 2.1396275, 2.1391408, 2.1355286, 2.1350167, 2.1282535, 2.1252818, 2.1293683, 2.1198838, 2.1145384, 2.1211941, 2.1213448, 2.1173673, 2.1100085, 2.1027489, 2.1174529, 2.107025, 2.0986648, 2.100848, 2.0938032, 2.0983171, 2.0908232, 2.0916548, 2.0947149, 2.102908, 2.087782, 2.0856764, 2.0843976, 2.1022425, 2.0950892, 2.0764515, 2.0777686, 2.0681124, 2.0695174, 2.079565, 2.062369, 2.0702744, 2.073895, 2.0598059, 2.0574336, 2.0695415, 2.0466688, 2.0746427, 2.0456991, 2.0391839, 2.063575, 2.0433962, 2.0328946, 2.038614, 2.0320828, 2.0484185, 2.0272853, 2.0423458, 2.0219927, 2.0341334, 2.024255, 2.0212128, 2.0222743, 2.0117462, 2.0127215, 2.0217216, 2.0064173, 2.0127547, 2.0112796, 2.0062072, 2.004665, 2.0002997, 1.9951264, 2.0114546, 1.9884874, 1.9982321, 1.9876149, 1.9860932, 2.0082464, 1.9833251, 1.9929457, 2.0019288, 1.9861803, 1.9719207, 2.004398, 1.9750392, 1.9789513, 1.9776496, 1.9729905, 1.9681866, 1.9855599, 1.9699662, 1.9640878, 1.9607925, 1.9542556, 1.9543378, 1.9530303, 1.954598, 1.9525483, 1.954259, 1.9635783, 1.9438345, 1.9470979, 1.9442945, 1.9387144, 1.9499528, 1.9338356, 1.9274127, 1.9382354, 1.9404789, 1.9326788, 1.9327203, 1.9266677, 1.935194, 1.9248362, 1.9370719, 1.9308661, 1.9208975, 1.9185451, 1.9146826, 1.9172797, 1.9123366, 1.9109268, 1.9273752, 1.9130164, 1.9066645, 1.9061002, 1.9026042, 1.8999895, 1.8997074, 1.9006742, 1.9099365, 1.9124596, 1.9069992, 1.8948078, 1.8904376, 1.8960572, 1.8897163, 1.8909076, 1.8955349, 1.8927569, 1.8819172, 1.8804145, 1.8782401, 1.8756496, 1.8774663, 1.8728576, 1.8783782, 1.8639357, 1.8697712, 1.8679255, 1.8683047, 1.8628052, 1.8671253, 1.8759692, 1.8589615, 1.8707331, 1.8552891, 1.8611491, 1.8695843, 1.8488424, 1.8676345, 1.8489177, 1.8567146, 1.8522604, 1.8502445, 1.8397987, 1.8437885, 1.8431426, 1.8471475, 1.8437854, 1.84962, 1.8417083, 1.8411698, 1.8526967, 1.8350993, 1.8384396, 1.8409982, 1.8295523, 1.8250073, 1.8309888, 1.8301953, 1.8237292, 1.8205165, 1.8307769, 1.8199136, 1.82148, 1.8305187, 1.821404, 1.8187853, 1.8150331, 1.8194009, 1.836788, 1.8081049, 1.8039273, 1.8045503, 1.8034788, 1.8229002, 1.8023244, 1.8037701, 1.8155167, 1.7975296, 1.7994182, 1.8002876, 1.8098843, 1.791098, 1.801154, 1.7974648, 1.7968678, 1.7967546, 1.7824707, 1.8004425, 1.787692, 1.7911553, 1.7841315, 1.7897234, 1.7805977, 1.777189, 1.7814866, 1.7878731, 1.7747198, 1.8037715, 1.7768354, 1.773889, 1.7810992, 1.80008, 1.7830637, 1.7638535, 1.7658113, 1.7634894, 1.7678953, 1.7674528, 1.7718321, 1.7630342, 1.7638377, 1.7560141, 1.75397, 1.7607431, 1.7587346, 1.7554291, 1.7459387, 1.7513092, 1.7478924, 1.7633768, 1.7506047, 1.7442945, 1.740897, 1.7415578, 1.7341309, 1.7361219, 1.7434559, 1.7376043, 1.743825, 1.7346859, 1.7393374, 1.7347747, 1.746801, 1.7301942, 1.7352082, 1.7353855, 1.7347891, 1.7327495, 1.7291958, 1.7202693, 1.7310438, 1.7259512, 1.7166106, 1.7232068, 1.7163794, 1.7248151, 1.7230978, 1.7260295, 1.7173045, 1.7164104, 1.7082083, 1.7132109, 1.7138636, 1.7309517, 1.7154896, 1.7105429, 1.7213278, 1.707873, 1.7152269, 1.708831, 1.7230074, 1.7103697, 1.7010083, 1.7113806, 1.7093421, 1.7068363, 1.7041417, 1.6963947, 1.7140706, 1.6864431, 1.6968325, 1.690351, 1.6954054, 1.6886916, 1.6862803, 1.684286, 1.6985718, 1.6882007, 1.6946971, 1.6799134, 1.6790925, 1.6806678, 1.6781522, 1.6843545, 1.704784, 1.6938493, 1.7148398, 1.6777331, 1.683276, 1.6671922, 1.6726694, 1.6836494, 1.6634424, 1.6825035, 1.6674799, 1.6683323, 1.6644233, 1.6860634, 1.6651033, 1.6632524, 1.6590921, 1.6707287, 1.6632345, 1.6624713, 1.6580272, 1.6671147, 1.6649989, 1.6566192, 1.6529284, 1.6526444, 1.6499852, 1.6533774, 1.6634626, 1.6608524, 1.6565372, 1.6579622, 1.6636913, 1.6554761, 1.6409719, 1.6491239, 1.6361874, 1.6472945, 1.6448811, 1.6347408, 1.6361182, 1.637564, 1.6598501, 1.635299, 1.6383566, 1.6288615, 1.6295388, 1.6319513, 1.6298199, 1.6446419, 1.6216274, 1.6332257, 1.6358476, 1.6398084, 1.6330695, 1.6250762, 1.6200836, 1.6212481, 1.631471, 1.6235828, 1.622394, 1.6266422, 1.6248616, 1.6130809, 1.630905, 1.610683, 1.6288328, 1.6221553, 1.6171614, 1.6067353, 1.6119561, 1.6059967, 1.6128116, 1.6175134, 1.6214097, 1.619625, 1.6176974, 1.6000383, 1.6101621, 1.6038225, 1.607793, 1.611942, 1.6167276, 1.59814, 1.5938773, 1.5983652, 1.5998942, 1.611697, 1.6031122, 1.6088727, 1.5970031, 1.5930384, 1.5986645, 1.5911918, 1.5888355, 1.5948441, 1.6040933, 1.5929515, 1.601804, 1.5971422, 1.584661, 1.5946633, 1.5804029, 1.5943435, 1.5832638, 1.5997239, 1.5852723, 1.581965, 1.5830809, 1.5936863, 1.5766311, 1.5827464, 1.5728538, 1.5926703, 1.5718327, 1.5723948, 1.571269, 1.5837445, 1.5664194, 1.5762028, 1.5787553, 1.5710763, 1.5681319, 1.569248, 1.5652728, 1.5654882, 1.5673528]"
History,"[42.663834, 40.323658, 37.860474, 35.669533, 34.154125, 32.909233, 31.87703, 31.15198, 30.533915, 29.935026, 29.342346, 28.7179, 28.06521, 27.374393, 26.664938, 25.923296, 25.152117, 24.37437, 23.617964, 22.875872, 22.1534, 21.470568, 20.820704, 20.196745, 19.598143, 19.032099, 18.4956, 17.991808, 17.519297, 17.073612, 16.657528, 16.269003, 15.904239, 15.563046, 15.245565, 14.950943, 14.680169, 14.426526, 14.189411, 13.971116, 13.76963, 13.581371, 13.405016, 13.244005, 13.093191, 12.951253, 12.8187895, 12.692505, 12.573107, 12.465635, 12.356803, 12.253107, 12.154168, 12.058979, 11.969553, 11.8801775, 11.792526, 11.709094, 11.623463, 11.538842, 11.46124, 11.381861, 11.306689, 11.232768, 11.157269, 11.086145, 11.017378, 10.948085, 10.882997, 10.816344, 10.7490425, 10.687268, 10.61976, 10.559724, 10.496875, 10.4295225, 10.367235, 10.304874, 10.244217, 10.180353, 10.117577, 10.052264, 9.98525, 9.917476, 9.851186, 9.782828, 9.707129, 9.629772, 9.552321, 9.469112, 9.377064, 9.286866, 9.183313, 9.074404, 8.95448, 8.832313, 8.70285, 8.577671, 8.459994, 8.335385, 8.218498, 8.106799, 8.000262, 7.8987417, 7.796533, 7.7094727, 7.612698, 7.5280037, 7.444914, 7.3643346, 7.2881737, 7.2142096, 7.1425138, 7.0694838, 7.0007553, 6.9366627, 6.8712163, 6.8051353, 6.7419825, 6.680244, 6.6198373, 6.560849, 6.5040708, 6.4443393, 6.3872385, 6.3353853, 6.2777095, 6.2173386, 6.1626616, 6.1057105, 6.049919, 5.9978333, 5.9348197, 5.8788843, 5.8202305, 5.7660346, 5.707322, 5.6484833, 5.5885677, 5.531663, 5.4684334, 5.408565, 5.3491406, 5.2866306, 5.2319517, 5.170065, 5.1153197, 5.052505, 5.0030575, 4.9483576, 4.898768, 4.8511558, 4.801392, 4.749234, 4.713032, 4.6660748, 4.630259, 4.5843496, 4.5451007, 4.5119615, 4.4739265, 4.446236, 4.411617, 4.37256, 4.339449, 4.308631, 4.2783494, 4.245884, 4.222428, 4.20142, 4.168905, 4.138778, 4.112873, 4.089077, 4.065648, 4.0442424, 4.015681, 4.0022645, 3.9712813, 3.9479394, 3.9398327, 3.904026, 3.8836296, 3.8612273, 3.8429961, 3.8237877, 3.8046885, 3.7844381, 3.772591, 3.749442, 3.7323966, 3.7123945, 3.6995487, 3.6864908, 3.6637187, 3.6449008, 3.626521, 3.612375, 3.608927, 3.583603, 3.5702865, 3.551783, 3.5406153, 3.528086, 3.5066977, 3.4930649, 3.4805827, 3.4848633, 3.4546442, 3.4401915, 3.4237754, 3.414767, 3.3956985, 3.3862557, 3.3737128, 3.3606334, 3.3482168, 3.3372355, 3.3258843, 3.3124049, 3.3038783, 3.2897468, 3.2751918, 3.259592, 3.2469466, 3.2347307, 3.226251, 3.216044, 3.2121913, 3.1966846, 3.1820035, 3.1754153, 3.1717656, 3.1490574, 3.1449316, 3.1382337, 3.1222305, 3.1090722, 3.0986557, 3.092, 3.0820012, 3.0658252, 3.0634148, 3.0566747, 3.0405014, 3.0293064, 3.0227504, 3.0154166, 3.007515, 2.9955895, 2.9905465, 2.977533, 2.9758391, 2.963888, 2.9546974, 2.943315, 2.9325612, 2.9236827, 2.9138386, 2.90876, 2.900903, 2.8899155, 2.8919044, 2.8792253, 2.8743505, 2.8546875, 2.8609796, 2.8387916, 2.8350012, 2.8225014, 2.8148444, 2.8091562, 2.8033261, 2.7941093, 2.7913842, 2.8007143, 2.7739608, 2.766712, 2.7629428, 2.753319, 2.7438085, 2.7421103, 2.732717, 2.7315273, 2.7174127, 2.7211316, 2.70286, 2.6939156, 2.6932807, 2.6871088, 2.6775656, 2.6771097, 2.6650474, 2.6602955, 2.6494417, 2.6511097, 2.6498203, 2.6353116, 2.6299567, 2.632104, 2.6122274, 2.6056619, 2.6087701, 2.600313, 2.5938675, 2.594979, 2.5768096, 2.5778043, 2.5671136, 2.5587075, 2.5532753, 2.560044, 2.545737, 2.5460608, 2.5363557, 2.5355, 2.5385847, 2.524145, 2.5373607, 2.515125, 2.5011296, 2.4985015, 2.4895458, 2.485766, 2.4799802, 2.4695718, 2.4809935, 2.46718, 2.46717, 2.4514546, 2.4459364, 2.4424458, 2.4411275, 2.4413188, 2.427827, 2.4391534, 2.421605, 2.4122374, 2.4050033, 2.4033463, 2.4016087, 2.3913262, 2.394818, 2.3983688, 2.3825927, 2.3783479, 2.3718405, 2.3685367, 2.3682246, 2.3577392, 2.367045, 2.3621924, 2.3498852, 2.3496377, 2.3402832, 2.3342452, 2.327096, 2.3252187, 2.3186696, 2.3154612, 2.3171115, 2.3143632, 2.301579, 2.2996647, 2.2946787, 2.3037035, 2.2958815, 2.2844005, 2.280753, 2.2743742, 2.2745118, 2.2658968, 2.2603645, 2.2681477, 2.2851608, 2.250719, 2.2611334, 2.2456853, 2.264698, 2.2435868, 2.2356856, 2.2272682, 2.2230985, 2.2282677, 2.2224097, 2.2129827, 2.2128184, 2.2077157, 2.209856, 2.199473, 2.1996987, 2.1905026, 2.194221, 2.188887, 2.1815221, 2.1762416, 2.188376, 2.172547, 2.1785705, 2.1635346, 2.1570892, 2.1578696, 2.1564066, 2.1505198, 2.1462786, 2.1457787, 2.1459248, 2.1483753, 2.142605, 2.1340532, 2.1367671, 2.1322231, 2.1346576, 2.1361144, 2.116987, 2.1148663, 2.110292, 2.1086752, 2.1133854, 2.101853, 2.0997553, 2.093703, 2.1040106, 2.1281557, 2.1029866, 2.0842445, 2.099129, 2.0765133, 2.0817125, 2.0797644, 2.0716085, 2.0809844, 2.0595236, 2.0948179, 2.053968, 2.052256, 2.052586, 2.051926, 2.045487, 2.0448601, 2.0498226, 2.0374486, 2.034197, 2.0295913, 2.0322287, 2.0284297, 2.0269425, 2.0223541, 2.020113, 2.015735, 2.012157, 2.0091043, 2.008315, 2.0085776, 2.0078948, 2.0054533, 2.0026054, 2.0210512, 2.0023575, 2.0130541, 1.9917821, 1.987327, 1.9883856, 1.9798307, 1.9822545, 1.979351, 1.985324, 1.9707979, 1.9702481, 1.9665096, 1.9590625, 1.9765807, 1.9530253, 1.9645518, 1.9605601, 1.9513139, 1.9677074, 1.9449471, 1.9434272, 1.9420668, 1.939194, 1.9479841, 1.9294893, 1.9305129, 1.9349115, 1.9277, 1.9236146, 1.9236571, 1.9260085, 1.9172211, 1.9113301, 1.9167898, 1.9103593, 1.9085804, 1.9121552, 1.901347, 1.904585, 1.898287, 1.899345, 1.8925433, 1.8951719, 1.8983529, 1.8870269, 1.8960586, 1.8860304, 1.885613, 1.8779668, 1.876047, 1.8806334, 1.8891044, 1.8840433, 1.8890514, 1.8698132, 1.8743906, 1.8663688, 1.8687552, 1.8581965, 1.8576908, 1.8568708, 1.8661039, 1.8560942, 1.8518244, 1.8439386, 1.8491504, 1.8410947, 1.846766, 1.845611, 1.8406082, 1.8382059, 1.8386806, 1.8439571, 1.8324131, 1.8518004, 1.8361976, 1.824768, 1.824036, 1.8220875, 1.8324947, 1.8166841, 1.8213379, 1.820545, 1.8087233, 1.8254095, 1.8148141, 1.8079953, 1.8142347, 1.8137478, 1.7991657, 1.804577, 1.8110145, 1.7946973, 1.8021436, 1.7923265, 1.8000823, 1.8016171, 1.7882458, 1.7883204, 1.7845736, 1.7882757, 1.7834346, 1.7779704, 1.776734, 1.7757742, 1.7776235, 1.7869802, 1.775539, 1.7694212, 1.7681051, 1.7736028, 1.7632567, 1.7648258, 1.7601204, 1.7567601, 1.7647588, 1.7530138, 1.7586435, 1.7518742, 1.7664233, 1.7482113, 1.7562091, 1.7488221, 1.7667212, 1.7425828, 1.752051, 1.739906, 1.7442185, 1.7344215, 1.7398059, 1.7516385, 1.7524759, 1.7377787, 1.7303333, 1.7369515, 1.7286336, 1.7648618, 1.736606, 1.734615, 1.7444342, 1.7248808, 1.7175118, 1.7236681, 1.7139928, 1.7137024, 1.7227129, 1.7328575, 1.7139199, 1.7083963, 1.7168413, 1.7170286, 1.703062, 1.7100996, 1.7098252, 1.7189358, 1.7082702, 1.7017164, 1.7020463, 1.6954235, 1.6893822, 1.7000402, 1.7223835, 1.6904173, 1.717506, 1.6907871, 1.6842784, 1.6838005, 1.688847, 1.6789114, 1.6912494, 1.6746589, 1.679471, 1.7184043, 1.6827847, 1.6862607, 1.677386, 1.6766944, 1.671633, 1.6802938, 1.6644281, 1.6802508, 1.6740656, 1.660957, 1.6668278, 1.6654172, 1.6576989, 1.6584936, 1.6600841, 1.6544437, 1.6919466, 1.6568125, 1.6649811, 1.665222, 1.6739894, 1.6580596, 1.6506152, 1.6476074, 1.6492292, 1.6497427, 1.6470398, 1.6570876, 1.6453348, 1.6459534, 1.6347991, 1.6354244, 1.6455894, 1.636068, 1.6331491, 1.634628, 1.6426493, 1.6364199, 1.6403369, 1.6272275, 1.6286104, 1.6379814, 1.6375479, 1.6245818, 1.6247023, 1.6320764, 1.6242024, 1.6217331, 1.6296844, 1.6225972, 1.6280882, 1.6256527, 1.6271254, 1.6104695, 1.6113545, 1.6243639, 1.6093274, 1.6300043, 1.6103519, 1.6140639, 1.6008568, 1.6157776, 1.6089723, 1.6114362, 1.6050317, 1.6014814, 1.5990075, 1.6074066, 1.605484, 1.6021674, 1.5944378, 1.5939469, 1.5948454, 1.5902976, 1.5873604, 1.5971574, 1.5902954, 1.5905738, 1.5877495, 1.5792878, 1.5934824, 1.5850599, 1.5864384, 1.5835775, 1.5746038, 1.5857993, 1.5973779, 1.5759473, 1.5800931, 1.5723565, 1.5741545, 1.5822325, 1.5703437, 1.572418, 1.5751367, 1.5661963, 1.5676955, 1.6058125, 1.5696038, 1.5669671, 1.5673021, 1.5738885, 1.5771725, 1.5750376, 1.578528, 1.5630639, 1.5566397, 1.5643338, 1.550528, 1.5593644, 1.5515488, 1.563323, 1.5556133, 1.5628167, 1.5532517, 1.546014, 1.5452373, 1.5483923, 1.5501276, 1.5452354, 1.5504733, 1.5411595, 1.5404307, 1.54213, 1.546652, 1.5414082, 1.5406071, 1.5330045, 1.5457785, 1.5358311, 1.5364224, 1.5518684, 1.5374092, 1.5324646, 1.5350974, 1.529814, 1.5432717, 1.5267067, 1.530466, 1.5325472, 1.5265466, 1.5292298, 1.5219563, 1.5416126, 1.5194235, 1.5247452, 1.5459626, 1.5276337, 1.5216663, 1.5186508, 1.5186913, 1.5147741, 1.5158623, 1.5201576, 1.5123425, 1.516757, 1.5101845, 1.5152645, 1.5106243, 1.5203048, 1.51318, 1.5162495, 1.5122783, 1.521822, 1.5079261, 1.5069697, 1.502163, 1.5051663, 1.5012251, 1.5088036, 1.5069056, 1.5074219, 1.4995755, 1.4968853, 1.5051916, 1.4949099, 1.4957427, 1.4987727, 1.5346894, 1.4963868, 1.5153809, 1.4972576, 1.5071918, 1.509249, 1.4927096, 1.4998196, 1.4903942, 1.4854277, 1.4853711, 1.4903626, 1.483729, 1.4902265, 1.4820427, 1.4879731, 1.492779, 1.4874873, 1.4811077, 1.4805502, 1.5208027, 1.4765018, 1.482469, 1.4763343, 1.4725863, 1.4765817, 1.4780478, 1.4796259, 1.484877, 1.4861587, 1.4725553, 1.4749912, 1.470319, 1.4727898, 1.4763503, 1.4857271, 1.4704483, 1.4703004, 1.4708089, 1.4659725, 1.4618847, 1.4704207, 1.4674023, 1.4583918, 1.4661148, 1.4832301, 1.4621805, 1.4697354, 1.4564649, 1.4751004, 1.4619124, 1.4644579, 1.4584595, 1.4534831, 1.4545966, 1.4732038, 1.4491403, 1.4591153, 1.4483789, 1.4518557, 1.4481494, 1.4555703, 1.4438913, 1.4653431, 1.445611, 1.4611166, 1.4440191, 1.4621594, 1.4566193, 1.4492481, 1.4467369, 1.443935, 1.4518942, 1.4400933, 1.4440235, 1.4474065, 1.43761, 1.4456866, 1.4338055, 1.4445345, 1.4327384, 1.4332952, 1.4452724, 1.4358345, 1.4308286, 1.4459174, 1.434982, 1.4334993, 1.4341676, 1.4309769, 1.4301481, 1.4314401, 1.4246687, 1.4396023, 1.4395156, 1.4297214, 1.4301336, 1.4243835, 1.4355674, 1.4225824, 1.4251425, 1.4228797, 1.425388, 1.4299271, 1.4294446, 1.420429, 1.4269838, 1.4231807, 1.4178382, 1.418399, 1.4235407, 1.4371034, 1.4169413, 1.4230423, 1.4167985, 1.4114219, 1.4155924, 1.4349495, 1.4116787, 1.4112236, 1.4349082, 1.4117587, 1.4186527, 1.4240882, 1.4095079, 1.434083, 1.4052618, 1.4073691, 1.4051923, 1.4012126, 1.4041165, 1.4029155, 1.4014697, 1.4025002, 1.4084634, 1.4015999, 1.3962559, 1.3985436, 1.3981996, 1.4076953, 1.3968319, 1.4132975, 1.4010891, 1.4018965, 1.4005519, 1.394042, 1.3959733, 1.390213, 1.4056107, 1.3980944, 1.3926048, 1.3884629, 1.3906292, 1.3884463, 1.4024512, 1.4326214, 1.3907623, 1.4000208, 1.4148269, 1.4078867, 1.390997, 1.3921553, 1.3833426, 1.3794092, 1.3865925, 1.3857543, 1.3858278, 1.3903346, 1.3795749, 1.384013, 1.3916038, 1.3781683, 1.3797243, 1.3855872, 1.3810296, 1.377033, 1.3822494, 1.3971492, 1.3833921, 1.3756305, 1.380806, 1.3849514, 1.3718191, 1.375098, 1.3809136, 1.3810683, 1.371513, 1.3649929, 1.3667394, 1.365069, 1.3664639]"
Model,<exclusiveAI.components.NeuralNetwork.NeuralNetwork object at 0x16bf17a10>
Config,"{'regularization': 1e-07, 'learning_rate': 0.005, 'loss_function': 'mse', 'activation_functions': ['sigmoid', 'sigmoid'], 'output_activation': 'linear', 'num_of_units': [20, 20], 'num_layers': 2, 'momentum': 0.1, 'optimizer': 'sgd', 'initializers': 'uniform', 'nesterov': False, 'input_shape': [750, 10], 'callbacks': ['earlystopping_1e-2_50_False_True'], 'verbose': False, 'outputs': 3, 'model_name': 'Model283'}"
Num_Layers,2
Num_of_Units,"[20, 20]"
Name,Model283
Old_diff,0.0601273775100708
